sleeper_id,asset_type,name,position,nfl_team,age,gp,season_total,ppg,fc_value,fc_rank,fc_pos_rank,fc_trend_30d,mode,league_size,roster_slots,starter_demand,league_starter_pool,replacement_ppg,position_context,ppg_value,dhq_now,dhq_year_1,dhq_year_2,overall_rank,position_rank
9509,player,Bijan Robinson,RB,ATL,24,17,371.8,21.87,10433,1,1,-48,redraft,12,QB|RB|RB|WR|WR|TE|FLEX|K,3,36,9.34,1.116,9776,10072,7050,4310,1,1
9221,player,Jahmyr Gibbs,RB,DET,24,17,367.9,21.64,10307,2,2,-74,redraft,12,QB|RB|RB|WR|WR|TE|FLEX|K,3,36,9.34,1.116,9673,9958,6971,4261,2,2
9493,player,Puka Nacua,WR,LAR,24,16,376,23.5,8777,5,3,-75,redraft,12,QB|RB|RB|WR|WR|TE|FLEX|K,3,36,11.39,1.084,10000,9450,6750,4725,3,1
7564,player,Ja'Marr Chase,WR,CIN,26,16,314.6,19.66,9884,3,1,87,redraft,12,QB|RB|RB|WR|WR|TE|FLEX|K,3,36,11.39,1.084,8537,9143,6400,4480,4,2
9488,player,Jaxon Smith-Njigba,WR,SEA,24,17,360.9,21.23,9046,4,2,25,redraft,12,QB|RB|RB|WR|WR|TE|FLEX|K,3,36,11.39,1.084,9034,9039,6456,4519,5,3
9226,player,De'Von Achane,RB,MIA,24,16,322.8,20.18,8428,8,4,369,redraft,12,QB|RB|RB|WR|WR|TE|FLEX|K,3,36,9.34,1.116,9021,8754,6128,3746,6,3
7547,player,Amon-Ra St. Brown,WR,DET,26,17,324,19.06,8414,9,5,-311,redraft,12,QB|RB|RB|WR|WR|TE|FLEX|K,3,36,11.39,1.084,8276,8338,5837,4086,7,4
6813,player,Jonathan Taylor,RB,IND,27,17,361.3,21.25,8496,7,3,405,redraft,12,QB|RB|RB|WR|WR|TE|FLEX|K,3,36,9.34,1.116,7093,7724,4490,2028,8,4
4984,player,Josh Allen,QB,BUF,29,17,375.6,22.09,6416,19,1,32,redraft,12,QB|RB|RB|WR|WR|TE|FLEX|K,1,12,18.22,0.934,8264,7432,5202,3642,9,1
8138,player,James Cook,RB,BUF,26,17,305.2,17.95,7809,12,6,-206,redraft,12,QB|RB|RB|WR|WR|TE|FLEX|K,3,36,9.34,1.116,7008,7368,4410,2563,10,5
12527,player,Ashton Jeanty,RB,LV,22,17,246.1,14.48,8024,10,5,169,redraft,12,QB|RB|RB|WR|WR|TE|FLEX|K,3,36,9.34,1.116,6343,7099,5071,3549,11,6
6786,player,CeeDee Lamb,WR,DAL,27,14,200.9,14.35,7876,11,6,-394,redraft,12,QB|RB|RB|WR|WR|TE|FLEX|K,3,36,11.39,1.084,6231,6971,4880,3051,12,5
12507,player,Omarion Hampton,RB,LAC,23,9,135.7,15.08,7231,15,9,-78,redraft,12,QB|RB|RB|WR|WR|TE|FLEX|K,3,36,9.34,1.116,6741,6962,4873,3411,13,7
6794,player,Justin Jefferson,WR,MIN,26,17,201.5,11.85,8640,6,4,-131,redraft,12,QB|RB|RB|WR|WR|TE|FLEX|K,3,36,11.39,1.084,5145,6718,4703,3292,14,6
8112,player,Drake London,WR,ATL,24,12,200.9,16.74,5993,21,8,-50,redraft,12,QB|RB|RB|WR|WR|TE|FLEX|K,3,36,11.39,1.084,7123,6615,4725,3307,15,7
8130,player,Trey McBride,TE,ARI,26,17,315.9,18.58,7043,16,1,-307,redraft,12,QB|RB|RB|WR|WR|TE|FLEX|K,2,24,8.52,0.827,6150,6552,4586,3210,16,1
3257,player,Jacoby Brissett,QB,ARI,33,14,237.4,16.96,0,,,,redraft,12,QB|RB|RB|WR|WR|TE|FLEX|K,1,12,18.22,0.934,6345,6345,4442,2938,17,2
10229,player,Rashee Rice,WR,KC,26,8,148.1,18.51,4246,34,13,1207,redraft,12,QB|RB|RB|WR|WR|TE|FLEX|K,3,36,11.39,1.084,8037,6331,4432,3102,18,8
8137,player,George Pickens,WR,DAL,25,17,289.9,17.05,4703,29,10,-27,redraft,12,QB|RB|RB|WR|WR|TE|FLEX|K,3,36,11.39,1.084,7403,6188,4332,3032,19,9
8150,player,Kyren Williams,RB,LAR,25,17,265.3,15.61,5180,28,16,895,redraft,12,QB|RB|RB|WR|WR|TE|FLEX|K,3,36,9.34,1.116,6978,6169,3771,2257,20,8
7569,player,Nico Collins,WR,HOU,27,15,225.2,15.01,5393,23,9,332,redraft,12,QB|RB|RB|WR|WR|TE|FLEX|K,3,36,11.39,1.084,6518,6012,4208,2632,21,10
9224,player,Chase Brown,RB,CIN,26,17,280.6,16.51,5222,27,15,-270,redraft,12,QB|RB|RB|WR|WR|TE|FLEX|K,3,36,9.34,1.116,6445,5895,3528,2051,22,9
13287,player,Jeremiyah Love,RB,ARI,20,0,0,0,6672,17,10,-411,redraft,12,QB|RB|RB|WR|WR|TE|FLEX|K,3,36,9.34,1.116,5125,5821,4321,3615,23,10
4034,player,Christian McCaffrey,RB,SF,29,17,416.6,24.51,7563,13,7,-169,redraft,12,QB|RB|RB|WR|WR|TE|FLEX|K,3,36,9.34,1.116,4383,5814,1831,142,24,11
2306,player,Jameis Winston,QB,NYG,32,3,46.3,15.43,0,,,,redraft,12,QB|RB|RB|WR|WR|TE|FLEX|K,1,12,18.22,0.934,5772,5772,4040,2828,25,3
8144,player,Chris Olave,WR,NO,25,16,269,16.81,3874,39,15,-465,redraft,12,QB|RB|RB|WR|WR|TE|FLEX|K,3,36,11.39,1.084,7299,5758,4031,2821,26,11
11632,player,Malik Nabers,WR,NYG,22,4,57.1,14.28,6490,18,7,-273,redraft,12,QB|RB|RB|WR|WR|TE|FLEX|K,3,36,11.39,1.084,5084,5717,4392,3348,27,12
8155,player,Breece Hall,RB,NYJ,24,16,209.7,13.11,5333,24,12,109,redraft,12,QB|RB|RB|WR|WR|TE|FLEX|K,3,36,9.34,1.116,5860,5623,3936,2406,28,12
8151,player,Kenneth Walker,RB,KC,25,17,191.9,11.29,6285,20,11,93,redraft,12,QB|RB|RB|WR|WR|TE|FLEX|K,3,36,9.34,1.116,5047,5604,3426,2050,29,13
7591,player,Justin Fields,QB,KC,27,9,136.7,15.19,0,,,,redraft,12,QB|RB|RB|WR|WR|TE|FLEX|K,1,12,18.22,0.934,5569,5569,3978,2784,30,4
4046,player,Patrick Mahomes,QB,KC,30,14,292.7,20.91,2754,54,6,184,redraft,12,QB|RB|RB|WR|WR|TE|FLEX|K,1,12,18.22,0.934,7822,5541,3879,2715,31,5
5859,player,A.J. Brown,WR,PHI,28,15,220.3,14.69,4504,30,11,199,redraft,12,QB|RB|RB|WR|WR|TE|FLEX|K,3,36,11.39,1.084,6379,5535,3461,2134,32,13
3161,player,Carson Wentz,QB,MIN,33,5,73.3,14.66,0,,,,redraft,12,QB|RB|RB|WR|WR|TE|FLEX|K,1,12,18.22,0.934,5484,5484,3839,2539,33,6
12481,player,Cam Skattebo,RB,NYG,24,8,126.7,15.84,3505,44,22,686,redraft,12,QB|RB|RB|WR|WR|TE|FLEX|K,3,36,9.34,1.116,7081,5472,3830,2342,34,14
11584,player,Bucky Irving,RB,TB,23,10,139.5,13.95,4050,38,21,-150,redraft,12,QB|RB|RB|WR|WR|TE|FLEX|K,3,36,9.34,1.116,6236,5252,3676,2573,35,15
8146,player,Garrett Wilson,WR,NYJ,25,7,99.5,14.21,4118,36,14,-116,redraft,12,QB|RB|RB|WR|WR|TE|FLEX|K,3,36,11.39,1.084,6170,5247,3673,2571,36,14
11564,player,Drake Maye,QB,NE,23,17,359,21.12,3678,43,3,188,redraft,12,QB|RB|RB|WR|WR|TE|FLEX|K,1,12,18.22,0.934,6479,5219,3832,2807,37,7
4881,player,Lamar Jackson,QB,BAL,29,13,222.9,17.15,3702,42,2,-152,redraft,12,QB|RB|RB|WR|WR|TE|FLEX|K,1,12,18.22,0.934,6416,5195,3636,2546,38,8
7588,player,Javonte Williams,RB,DAL,26,16,244.8,15.3,4097,37,20,215,redraft,12,QB|RB|RB|WR|WR|TE|FLEX|K,3,36,9.34,1.116,5973,5129,3070,1784,39,16
6770,player,Joe Burrow,QB,CIN,29,8,139.5,17.44,3180,48,4,-33,redraft,12,QB|RB|RB|WR|WR|TE|FLEX|K,1,12,18.22,0.934,6524,5019,3513,2459,40,9
12529,player,TreVeyon Henderson,RB,NE,23,17,207.2,12.19,4357,33,18,81,redraft,12,QB|RB|RB|WR|WR|TE|FLEX|K,3,36,9.34,1.116,5449,4958,3471,2429,41,17
6801,player,Tee Higgins,WR,CIN,27,15,209.6,13.97,3476,45,18,2,redraft,12,QB|RB|RB|WR|WR|TE|FLEX|K,3,36,11.39,1.084,6066,4901,3431,2145,42,15
12738,player,Phil Mafah,RB,DAL,23,1,10.9,10.9,0,,,,redraft,12,QB|RB|RB|WR|WR|TE|FLEX|K,3,36,9.34,1.116,4872,4872,3410,2387,43,18
6797,player,Justin Herbert,QB,LAC,28,16,299.9,18.74,2159,64,8,-28,redraft,12,QB|RB|RB|WR|WR|TE|FLEX|K,1,12,18.22,0.934,7011,4828,3380,2366,44,10
5850,player,Josh Jacobs,RB,GB,28,15,239.1,15.94,5318,25,13,52,redraft,12,QB|RB|RB|WR|WR|TE|FLEX|K,3,36,9.34,1.116,4418,4823,2178,686,45,19
11604,player,Brock Bowers,TE,LV,23,12,174.2,14.52,5884,22,2,54,redraft,12,QB|RB|RB|WR|WR|TE|FLEX|K,2,24,8.52,0.827,3941,4815,3699,2820,46,2
6904,player,Jalen Hurts,QB,PHI,27,16,309.1,19.32,2010,69,9,-8,redraft,12,QB|RB|RB|WR|WR|TE|FLEX|K,1,12,18.22,0.934,7083,4800,3429,2400,47,11
7543,player,Travis Etienne,RB,NO,27,17,253.9,14.94,4473,31,17,6,redraft,12,QB|RB|RB|WR|WR|TE|FLEX|K,3,36,9.34,1.116,4987,4756,2764,1248,48,20
4866,player,Saquon Barkley,RB,PHI,29,16,231.3,14.46,7295,14,8,339,redraft,12,QB|RB|RB|WR|WR|TE|FLEX|K,3,36,9.34,1.116,2586,4705,1482,115,49,21
6768,player,Tua Tagovailoa,QB,ATL,28,14,174.7,12.48,0,,,,redraft,12,QB|RB|RB|WR|WR|TE|FLEX|K,1,12,18.22,0.934,4669,4669,3268,2288,50,12
12526,player,Tetairoa McMillan,WR,CAR,23,17,212.4,12.49,4396,32,12,32,redraft,12,QB|RB|RB|WR|WR|TE|FLEX|K,3,36,11.39,1.084,4881,4663,3554,2539,51,16
11559,player,Michael Penix,QB,ATL,25,9,123.3,13.7,0,,,,redraft,12,QB|RB|RB|WR|WR|TE|FLEX|K,1,12,18.22,0.934,4613,4613,3373,2461,52,13
12512,player,Quinshon Judkins,RB,CLE,22,15,167.8,11.19,4162,35,19,520,redraft,12,QB|RB|RB|WR|WR|TE|FLEX|K,3,36,9.34,1.116,4902,4569,3264,2284,53,22
2307,player,Marcus Mariota,QB,WAS,32,11,133.5,12.14,0,,,,redraft,12,QB|RB|RB|WR|WR|TE|FLEX|K,1,12,18.22,0.934,4541,4541,3179,2225,54,14
7525,player,DeVonta Smith,WR,PHI,27,17,201.8,11.87,3792,40,16,899,redraft,12,QB|RB|RB|WR|WR|TE|FLEX|K,3,36,11.39,1.084,5154,4541,3179,1988,55,17
7527,player,Mac Jones,QB,SF,27,11,136,12.36,0,,,,redraft,12,QB|RB|RB|WR|WR|TE|FLEX|K,1,12,18.22,0.934,4531,4531,3236,2265,56,15
9997,player,Zay Flowers,WR,BAL,25,17,246.3,14.49,2324,58,23,-395,redraft,12,QB|RB|RB|WR|WR|TE|FLEX|K,3,36,11.39,1.084,6292,4506,3154,2208,57,18
1373,player,Geno Smith,QB,NYJ,35,15,189.9,12.66,0,,,,redraft,12,QB|RB|RB|WR|WR|TE|FLEX|K,1,12,18.22,0.934,4476,4476,2951,1938,58,16
8183,player,Brock Purdy,QB,SF,26,9,187.4,20.82,909,101,14,-35,redraft,12,QB|RB|RB|WR|WR|TE|FLEX|K,1,12,18.22,0.934,7321,4436,3237,2312,59,17
7523,player,Trevor Lawrence,QB,JAX,26,17,351.2,20.66,952,96,13,-174,redraft,12,QB|RB|RB|WR|WR|TE|FLEX|K,1,12,18.22,0.934,7265,4424,3229,2306,60,18
11566,player,Jayden Daniels,QB,WAS,25,7,117.3,16.76,2932,51,5,76,redraft,12,QB|RB|RB|WR|WR|TE|FLEX|K,1,12,18.22,0.934,5643,4423,3234,2360,61,19
7526,player,Jaylen Waddle,WR,DEN,27,16,194.1,12.13,3342,46,19,44,redraft,12,QB|RB|RB|WR|WR|TE|FLEX|K,3,36,11.39,1.084,5267,4401,3081,1926,62,19
11560,player,Caleb Williams,QB,CHI,24,17,324.2,19.07,2278,59,7,78,redraft,12,QB|RB|RB|WR|WR|TE|FLEX|K,1,12,18.22,0.934,6135,4399,3223,2356,63,20
3294,player,Dak Prescott,QB,DAL,32,17,319.8,18.81,1029,90,11,-222,redraft,12,QB|RB|RB|WR|WR|TE|FLEX|K,1,12,18.22,0.934,7037,4333,3033,2123,64,21
6111,player,Jake Browning,QB,TB,30,5,56.7,11.34,0,,,,redraft,12,QB|RB|RB|WR|WR|TE|FLEX|K,1,12,18.22,0.934,4242,4242,2969,2079,65,22
11565,player,J.J. McCarthy,QB,MIN,23,10,137.4,13.74,0,,,,redraft,12,QB|RB|RB|WR|WR|TE|FLEX|K,1,12,18.22,0.934,4215,4215,3094,2267,66,23
7585,player,Davis Mills,QB,HOU,27,6,67.6,11.27,0,,,,redraft,12,QB|RB|RB|WR|WR|TE|FLEX|K,1,12,18.22,0.934,4132,4132,2951,2066,67,24
10213,player,Tre Tucker,WR,LV,25,17,161.7,9.51,0,,,,redraft,12,QB|RB|RB|WR|WR|TE|FLEX|K,3,36,11.39,1.084,4129,4129,2890,2023,68,20
12514,player,Emeka Egbuka,WR,TB,23,17,193.7,11.39,3706,41,17,65,redraft,12,QB|RB|RB|WR|WR|TE|FLEX|K,3,36,11.39,1.084,4451,4116,3137,2241,69,21
5872,player,Deebo Samuel,WR,,30,16,188.2,11.76,0,,,,redraft,12,QB|RB|RB|WR|WR|TE|FLEX|K,3,36,11.39,1.084,4017,4017,2431,1251,70,22
3163,player,Jared Goff,QB,DET,31,17,310.1,18.24,552,119,17,36,redraft,12,QB|RB|RB|WR|WR|TE|FLEX|K,1,12,18.22,0.934,6823,4001,2801,1960,71,25
11635,player,Ladd McConkey,WR,LAC,24,16,180.9,11.31,2994,49,20,-349,redraft,12,QB|RB|RB|WR|WR|TE|FLEX|K,3,36,11.39,1.084,4813,3994,2853,1997,72,23
11562,player,Spencer Rattler,QB,NO,25,9,106.1,11.79,0,,,,redraft,12,QB|RB|RB|WR|WR|TE|FLEX|K,1,12,18.22,0.934,3970,3970,2903,2118,73,26
11563,player,Bo Nix,QB,DEN,26,17,309.8,18.22,990,92,12,-219,redraft,12,QB|RB|RB|WR|WR|TE|FLEX|K,1,12,18.22,0.934,6407,3969,2897,2069,74,27
11627,player,Troy Franklin,WR,DEN,23,17,172.1,10.12,0,,,,redraft,12,QB|RB|RB|WR|WR|TE|FLEX|K,3,36,11.39,1.084,3955,3955,3015,2153,75,24
12489,player,RJ Harvey,RB,DEN,25,17,207.6,12.21,2089,65,27,38,redraft,12,QB|RB|RB|WR|WR|TE|FLEX|K,3,36,9.34,1.116,5458,3942,2410,1442,76,23
8148,player,Jameson Williams,WR,DET,25,17,219.9,12.94,1833,73,32,-199,redraft,12,QB|RB|RB|WR|WR|TE|FLEX|K,3,36,11.39,1.084,5619,3915,2741,1918,77,25
12524,player,Shedeur Sanders,QB,CLE,24,8,95.9,11.99,0,,,,redraft,12,QB|RB|RB|WR|WR|TE|FLEX|K,1,12,18.22,0.934,3857,3857,2825,2066,78,28
5870,player,Daniel Jones,QB,IND,28,13,235.4,18.11,127,167,25,-10,redraft,12,QB|RB|RB|WR|WR|TE|FLEX|K,1,12,18.22,0.934,6775,3783,2648,1854,79,29
11620,player,Rome Odunze,WR,CHI,23,12,146.1,12.17,2580,56,22,-338,redraft,12,QB|RB|RB|WR|WR|TE|FLEX|K,3,36,11.39,1.084,4756,3777,2879,2056,80,26
6790,player,D'Andre Swift,RB,CHI,27,16,230.6,14.41,2476,57,25,101,redraft,12,QB|RB|RB|WR|WR|TE|FLEX|K,3,36,9.34,1.116,4810,3760,2185,987,81,24
5848,player,Marquise Brown,WR,PHI,28,16,137.7,8.61,0,,,,redraft,12,QB|RB|RB|WR|WR|TE|FLEX|K,3,36,11.39,1.084,3739,3739,2338,1441,82,27
5846,player,DK Metcalf,WR,PIT,28,15,187.2,12.48,1606,76,34,411,redraft,12,QB|RB|RB|WR|WR|TE|FLEX|K,3,36,11.39,1.084,5419,3703,2316,1427,83,28
4892,player,Baker Mayfield,QB,TB,31,17,281.9,16.58,627,111,16,9,redraft,12,QB|RB|RB|WR|WR|TE|FLEX|K,1,12,18.22,0.934,6202,3693,2585,1810,84,30
12860,player,Theo Wease,WR,MIA,24,3,25.9,8.63,0,,,,redraft,12,QB|RB|RB|WR|WR|TE|FLEX|K,3,36,11.39,1.084,3672,3672,2623,1836,85,29
827,player,Tyrod Taylor,QB,,36,6,65.5,10.92,0,,,,redraft,12,QB|RB|RB|WR|WR|TE|FLEX|K,1,12,18.22,0.934,3636,3636,2388,1561,86,31
421,player,Matthew Stafford,QB,LAR,38,17,361.4,21.26,422,130,18,70,redraft,12,QB|RB|RB|WR|WR|TE|FLEX|K,1,12,18.22,0.934,6204,3602,2133,1222,87,32
6804,player,Jordan Love,QB,GB,27,15,239.1,15.94,700,107,15,4,redraft,12,QB|RB|RB|WR|WR|TE|FLEX|K,1,12,18.22,0.934,5844,3529,2521,1764,88,33
8167,player,Christian Watson,WR,GB,26,10,132.4,13.24,809,105,42,-61,redraft,12,QB|RB|RB|WR|WR|TE|FLEX|K,3,36,11.39,1.084,5749,3526,2468,1728,89,30
10232,player,Michael Wilson,WR,ARI,26,17,220.6,12.98,905,102,39,12,redraft,12,QB|RB|RB|WR|WR|TE|FLEX|K,3,36,11.39,1.084,5636,3507,2455,1718,90,31
8122,player,Zonovan Knight,RB,ARI,25,12,93.9,7.83,0,,,,redraft,12,QB|RB|RB|WR|WR|TE|FLEX|K,3,36,9.34,1.116,3500,3500,2140,1281,91,25
8126,player,Wan'Dale Robinson,WR,TEN,25,16,217.9,13.62,503,124,48,-343,redraft,12,QB|RB|RB|WR|WR|TE|FLEX|K,3,36,11.39,1.084,5914,3479,2435,1705,92,32
9504,player,Kayshon Boutte,WR,NE,23,14,124.1,8.86,0,,,,redraft,12,QB|RB|RB|WR|WR|TE|FLEX|K,3,36,11.39,1.084,3462,3462,2639,1885,93,33
5849,player,Kyler Murray,QB,MIN,28,5,81.8,16.36,181,156,23,-117,redraft,12,QB|RB|RB|WR|WR|TE|FLEX|K,1,12,18.22,0.934,6120,3447,2413,1689,94,34
9484,player,Tucker Kraft,TE,GB,25,8,117.2,14.65,1837,72,5,-120,redraft,12,QB|RB|RB|WR|WR|TE|FLEX|K,2,24,8.52,0.827,4752,3440,2457,1720,95,3
8142,player,Alec Pierce,WR,IND,26,15,183.3,12.22,1148,84,35,-88,redraft,12,QB|RB|RB|WR|WR|TE|FLEX|K,3,36,11.39,1.084,5306,3435,2405,1683,96,34
1166,player,Kirk Cousins,QB,LV,37,10,109.5,10.95,0,,,,redraft,12,QB|RB|RB|WR|WR|TE|FLEX|K,1,12,18.22,0.934,3420,3420,2236,1325,97,35
12508,player,Jaxson Dart,QB,NYG,22,14,246.6,17.61,1089,87,10,28,redraft,12,QB|RB|RB|WR|WR|TE|FLEX|K,1,12,18.22,0.934,5165,3331,2439,1790,98,36
6819,player,Michael Pittman,WR,PIT,28,17,200.4,11.79,1036,89,36,-243,redraft,12,QB|RB|RB|WR|WR|TE|FLEX|K,3,36,11.39,1.084,5119,3282,2052,1265,99,35
11628,player,Marvin Harrison,WR,ARI,23,12,125.8,10.48,2259,60,24,-44,redraft,12,QB|RB|RB|WR|WR|TE|FLEX|K,3,36,11.39,1.084,4096,3269,2492,1780,100,36
9753,player,Zach Charbonnet,RB,SEA,25,16,179.4,11.21,1134,86,34,-630,redraft,12,QB|RB|RB|WR|WR|TE|FLEX|K,3,36,9.34,1.116,5011,3266,1997,1195,101,26
8228,player,Jaylen Warren,RB,PIT,27,16,217.1,13.57,1543,80,30,122,redraft,12,QB|RB|RB|WR|WR|TE|FLEX|K,3,36,9.34,1.116,4529,3185,1851,836,102,27
4943,player,Sam Darnold,QB,SEA,28,17,251.4,14.79,285,142,21,56,redraft,12,QB|RB|RB|WR|WR|TE|FLEX|K,1,12,18.22,0.934,5533,3171,2220,1554,103,37
13286,player,Jadarian Price,RB,SEA,22,0,0,0,3190,47,23,1572,redraft,12,QB|RB|RB|WR|WR|TE|FLEX|K,3,36,9.34,1.116,3105,3143,2245,1572,104,28
11631,player,Brian Thomas,WR,JAX,23,14,138.8,9.91,2220,61,25,93,redraft,12,QB|RB|RB|WR|WR|TE|FLEX|K,3,36,11.39,1.084,3873,3129,2385,1704,105,37
11783,player,Ryan Flournoy,WR,DAL,26,16,114,7.13,0,,,,redraft,12,QB|RB|RB|WR|WR|TE|FLEX|K,3,36,11.39,1.084,3096,3096,2167,1517,106,38
7021,player,Rico Dowdle,RB,PIT,27,17,217.3,12.78,1589,77,29,-437,redraft,12,QB|RB|RB|WR|WR|TE|FLEX|K,3,36,9.34,1.116,4266,3061,1779,804,107,29
5927,player,Terry McLaurin,WR,WAS,30,10,114.2,11.42,2028,68,29,2,redraft,12,QB|RB|RB|WR|WR|TE|FLEX|K,3,36,11.39,1.084,3901,3058,1850,952,108,39
4983,player,DJ Moore,WR,BUF,29,17,171.2,10.07,2009,70,30,-251,redraft,12,QB|RB|RB|WR|WR|TE|FLEX|K,3,36,11.39,1.084,3906,3052,1881,1138,109,40
11579,player,Audric Estime,RB,NO,22,7,48.1,6.87,0,,,,redraft,12,QB|RB|RB|WR|WR|TE|FLEX|K,3,36,9.34,1.116,3010,3010,2150,1505,110,30
7083,player,Tyler Huntley,QB,BAL,28,5,40.1,8.02,0,,,,redraft,12,QB|RB|RB|WR|WR|TE|FLEX|K,1,12,18.22,0.934,3000,3000,2100,1470,111,38
9754,player,Quentin Johnston,WR,LAC,24,14,172.2,12.3,270,147,56,-2,redraft,12,QB|RB|RB|WR|WR|TE|FLEX|K,3,36,11.39,1.084,5234,3000,2143,1500,112,41
12518,player,Tyler Warren,TE,IND,23,17,188.5,11.09,2934,50,3,-62,redraft,12,QB|RB|RB|WR|WR|TE|FLEX|K,2,24,8.52,0.827,3010,2976,2286,1743,113,4
7607,player,Michael Carter,RB,TEN,26,13,99,7.62,0,,,,redraft,12,QB|RB|RB|WR|WR|TE|FLEX|K,3,36,9.34,1.116,2975,2975,1780,1035,114,31
12545,player,Tyler Shough,QB,NO,26,11,164,14.91,185,155,22,19,redraft,12,QB|RB|RB|WR|WR|TE|FLEX|K,1,12,18.22,0.934,5243,2967,2165,1547,115,39
11588,player,Jawhar Jordan,RB,HOU,26,4,29.7,7.42,0,,,,redraft,12,QB|RB|RB|WR|WR|TE|FLEX|K,3,36,9.34,1.116,2897,2897,1734,1008,116,32
12497,player,Tory Horton,WR,SEA,23,8,59.1,7.39,0,,,,redraft,12,QB|RB|RB|WR|WR|TE|FLEX|K,3,36,11.39,1.084,2888,2888,2201,1572,117,42
6865,player,Colby Parkinson,TE,LAR,27,15,130.8,8.72,0,,,,redraft,12,QB|RB|RB|WR|WR|TE|FLEX|K,2,24,8.52,0.827,2886,2886,2020,1414,118,5
12540,player,Chimere Dike,WR,TEN,24,17,115.1,6.77,0,,,,redraft,12,QB|RB|RB|WR|WR|TE|FLEX|K,3,36,11.39,1.084,2881,2881,2058,1440,119,43
7049,player,Jauan Jennings,WR,,28,15,172.3,11.49,244,149,57,88,redraft,12,QB|RB|RB|WR|WR|TE|FLEX|K,3,36,11.39,1.084,4989,2854,1785,1100,120,44
6843,player,Albert Okwuegbunam,TE,LV,28,1,8.6,8.6,0,,,,redraft,12,QB|RB|RB|WR|WR|TE|FLEX|K,2,24,8.52,0.827,2847,2847,1993,1256,121,6
5045,player,Courtland Sutton,WR,DEN,30,17,217.7,12.81,969,94,37,-372,redraft,12,QB|RB|RB|WR|WR|TE|FLEX|K,3,36,11.39,1.084,4376,2843,1720,885,122,45
10859,player,Sam LaPorta,TE,DET,25,9,106.9,11.88,1558,78,6,-173,redraft,12,QB|RB|RB|WR|WR|TE|FLEX|K,2,24,8.52,0.827,3854,2821,2015,1410,123,7
7567,player,Kenneth Gainwell,RB,TB,27,17,222.3,13.08,922,97,38,39,redraft,12,QB|RB|RB|WR|WR|TE|FLEX|K,3,36,9.34,1.116,4366,2816,1637,739,124,33
9758,player,C.J. Stroud,QB,HOU,24,14,216.5,15.46,156,161,24,3,redraft,12,QB|RB|RB|WR|WR|TE|FLEX|K,1,12,18.22,0.934,4974,2806,2056,1503,125,40
7553,player,Kyle Pitts,TE,ATL,25,17,210.8,12.4,1301,83,8,-177,redraft,12,QB|RB|RB|WR|WR|TE|FLEX|K,2,24,8.52,0.827,4022,2798,1999,1399,126,8
7594,player,Chuba Hubbard,RB,CAR,26,15,126.4,8.43,2182,63,26,479,redraft,12,QB|RB|RB|WR|WR|TE|FLEX|K,3,36,9.34,1.116,3291,2792,1671,971,127,34
5892,player,David Montgomery,RB,HOU,28,17,165.9,9.76,2893,52,24,182,redraft,12,QB|RB|RB|WR|WR|TE|FLEX|K,3,36,9.34,1.116,2705,2790,1260,397,128,35
11637,player,Keon Coleman,WR,BUF,22,13,101.4,7.8,0,,,,redraft,12,QB|RB|RB|WR|WR|TE|FLEX|K,3,36,11.39,1.084,2777,2777,2134,1626,129,46
12500,player,Quinn Ewers,QB,MIA,23,4,36.2,9.05,0,,,,redraft,12,QB|RB|RB|WR|WR|TE|FLEX|K,1,12,18.22,0.934,2776,2776,2038,1493,130,41
11597,player,Theo Johnson,TE,NYG,25,15,127.8,8.52,0,,,,redraft,12,QB|RB|RB|WR|WR|TE|FLEX|K,2,24,8.52,0.827,2764,2764,1974,1382,131,9
1234,player,Russell Wilson,QB,,37,6,52.8,8.8,0,,,,redraft,12,QB|RB|RB|WR|WR|TE|FLEX|K,1,12,18.22,0.934,2749,2749,1798,1065,132,42
5947,player,Jakobi Meyers,WR,JAX,29,16,176.8,11.05,843,104,41,46,redraft,12,QB|RB|RB|WR|WR|TE|FLEX|K,3,36,11.39,1.084,4286,2737,1687,1021,133,47
3976,player,Mitchell Trubisky,QB,TEN,31,4,29.1,7.28,0,,,,redraft,12,QB|RB|RB|WR|WR|TE|FLEX|K,1,12,18.22,0.934,2723,2723,1906,1334,134,43
5970,player,Greg Dortch,WR,DET,27,12,75.1,6.26,0,,,,redraft,12,QB|RB|RB|WR|WR|TE|FLEX|K,3,36,11.39,1.084,2718,2718,1903,1190,135,48
8125,player,Calvin Austin,WR,NYG,27,14,86.2,6.16,0,,,,redraft,12,QB|RB|RB|WR|WR|TE|FLEX|K,3,36,11.39,1.084,2675,2675,1872,1171,136,49
6149,player,Darius Slayton,WR,NYG,29,14,95.8,6.84,0,,,,redraft,12,QB|RB|RB|WR|WR|TE|FLEX|K,3,36,11.39,1.084,2653,2653,1635,990,137,50
9487,player,Parker Washington,WR,JAX,24,16,172.7,10.79,277,144,55,-260,redraft,12,QB|RB|RB|WR|WR|TE|FLEX|K,3,36,11.39,1.084,4591,2650,1893,1325,138,51
12517,player,Colston Loveland,TE,CHI,22,16,165.1,10.32,2615,55,4,-177,redraft,12,QB|RB|RB|WR|WR|TE|FLEX|K,2,24,8.52,0.827,2678,2650,1940,1491,139,10
6806,player,J.K. Dobbins,RB,DEN,27,10,115.9,11.59,1139,85,33,-327,redraft,12,QB|RB|RB|WR|WR|TE|FLEX|K,3,36,9.34,1.116,3868,2640,1534,693,140,36
11638,player,Ricky Pearsall,WR,SF,25,9,88.6,9.84,622,112,45,3,redraft,12,QB|RB|RB|WR|WR|TE|FLEX|K,3,36,11.39,1.084,4273,2630,1841,1289,141,52
12476,player,Devin Neal,RB,NO,22,10,60,6,0,,,,redraft,12,QB|RB|RB|WR|WR|TE|FLEX|K,3,36,9.34,1.116,2628,2628,1877,1314,142,37
9756,player,Jordan Addison,WR,MIN,24,14,135.1,9.65,782,106,43,-50,redraft,12,QB|RB|RB|WR|WR|TE|FLEX|K,3,36,11.39,1.084,4106,2610,1864,1305,143,53
12499,player,Elic Ayomanor,WR,TEN,22,16,116.5,7.28,0,,,,redraft,12,QB|RB|RB|WR|WR|TE|FLEX|K,3,36,11.39,1.084,2592,2592,1991,1518,144,54
11626,player,Xavier Legette,WR,CAR,25,15,89.3,5.95,0,,,,redraft,12,QB|RB|RB|WR|WR|TE|FLEX|K,3,36,11.39,1.084,2584,2584,1809,1266,145,55
8134,player,Khalil Shakir,WR,BUF,26,16,167.4,10.46,189,154,60,-7,redraft,12,QB|RB|RB|WR|WR|TE|FLEX|K,3,36,11.39,1.084,4542,2583,1808,1266,146,56
8121,player,Romeo Doubs,WR,NE,26,16,163.4,10.21,320,135,50,-373,redraft,12,QB|RB|RB|WR|WR|TE|FLEX|K,3,36,11.39,1.084,4433,2582,1807,1265,147,57
9228,player,Bryce Young,QB,CAR,24,16,231,14.44,52,184,27,-9,redraft,12,QB|RB|RB|WR|WR|TE|FLEX|K,1,12,18.22,0.934,4646,2579,1889,1381,148,44
4217,player,George Kittle,TE,SF,32,11,161.5,14.68,1546,79,7,-90,redraft,12,QB|RB|RB|WR|WR|TE|FLEX|K,2,24,8.52,0.827,3401,2566,1386,683,149,11
11655,player,Tyrone Tracy,RB,NYG,26,15,161.8,10.79,544,120,45,369,redraft,12,QB|RB|RB|WR|WR|TE|FLEX|K,3,36,9.34,1.116,4212,2561,1533,891,150,38
7611,player,Rhamondre Stevenson,RB,NE,28,14,177.8,12.7,1377,82,32,261,redraft,12,QB|RB|RB|WR|WR|TE|FLEX|K,3,36,9.34,1.116,3520,2556,1154,364,151,39
8161,player,Malik Willis,QB,MIA,26,4,52.2,13.05,60,183,26,23,redraft,12,QB|RB|RB|WR|WR|TE|FLEX|K,1,12,18.22,0.934,4589,2551,1862,1330,152,45
12519,player,Luther Burden,WR,CHI,22,15,127.9,8.53,1910,71,31,51,redraft,12,QB|RB|RB|WR|WR|TE|FLEX|K,3,36,11.39,1.084,3037,2530,1944,1482,153,58
8111,player,Cade Otton,TE,TB,27,16,122.2,7.64,0,,,,redraft,12,QB|RB|RB|WR|WR|TE|FLEX|K,2,24,8.52,0.827,2529,2529,1770,1239,154,12
8188,player,Tyquan Thornton,WR,KC,25,14,80.8,5.77,0,,,,redraft,12,QB|RB|RB|WR|WR|TE|FLEX|K,3,36,11.39,1.084,2505,2505,1754,1227,155,59
2133,player,Davante Adams,WR,LAR,33,14,222.9,15.92,2854,53,21,125,redraft,12,QB|RB|RB|WR|WR|TE|FLEX|K,3,36,11.39,1.084,2212,2501,766,77,156,60
10218,player,Xavier Hutchinson,WR,HOU,25,17,98,5.76,0,,,,redraft,12,QB|RB|RB|WR|WR|TE|FLEX|K,3,36,11.39,1.084,2501,2501,1751,1225,157,61
9494,player,Marvin Mims,WR,DEN,24,15,88,5.87,0,,,,redraft,12,QB|RB|RB|WR|WR|TE|FLEX|K,3,36,11.39,1.084,2498,2498,1784,1249,158,62
3451,player,Ka'imi Fairbairn,K,HOU,32,15,160,10.67,0,,,,redraft,12,QB|RB|RB|WR|WR|TE|FLEX|K,1,12,8,0.583,2489,2489,1742,1220,159,1
12474,player,Woody Marks,RB,HOU,25,16,145.1,9.07,523,122,47,197,redraft,12,QB|RB|RB|WR|WR|TE|FLEX|K,3,36,9.34,1.116,4054,2465,1507,902,160,40
3198,player,Derrick Henry,RB,BAL,32,17,282.5,16.62,5293,26,14,267,redraft,12,QB|RB|RB|WR|WR|TE|FLEX|K,3,36,9.34,1.116,149,2464,1725,1207,161,41
9501,player,DeMario Douglas,WR,NE,25,17,95.8,5.64,0,,,,redraft,12,QB|RB|RB|WR|WR|TE|FLEX|K,3,36,11.39,1.084,2449,2449,1714,1200,162,63
12486,player,Dillon Gabriel,QB,CLE,25,10,72.1,7.21,0,,,,redraft,12,QB|RB|RB|WR|WR|TE|FLEX|K,1,12,18.22,0.934,2427,2427,1774,1295,163,46
9506,player,Sean Tucker,RB,TB,24,17,91.4,5.38,0,,,,redraft,12,QB|RB|RB|WR|WR|TE|FLEX|K,3,36,9.34,1.116,2405,2405,1684,1029,164,42
7090,player,Darnell Mooney,WR,NYG,28,15,82.3,5.49,0,,,,redraft,12,QB|RB|RB|WR|WR|TE|FLEX|K,3,36,11.39,1.084,2384,2384,1491,919,165,64
11650,player,Luke McCaffrey,WR,WAS,25,9,49.3,5.48,0,,,,redraft,12,QB|RB|RB|WR|WR|TE|FLEX|K,3,36,11.39,1.084,2380,2380,1666,1166,166,65
12534,player,Kyle Monangai,RB,CHI,23,17,142.7,8.39,692,109,41,100,redraft,12,QB|RB|RB|WR|WR|TE|FLEX|K,3,36,9.34,1.116,3750,2374,1662,1163,167,43
2747,player,Jason Myers,K,SEA,34,17,171,10.06,0,,,,redraft,12,QB|RB|RB|WR|WR|TE|FLEX|K,1,12,8,0.583,2347,2347,1643,1109,168,2
12185,player,Spencer Shrader,K,IND,26,5,53,10.6,0,,,,redraft,12,QB|RB|RB|WR|WR|TE|FLEX|K,1,12,8,0.583,2325,2325,1697,1212,169,3
3321,player,Tyreek Hill,WR,,31,4,53.5,13.38,313,136,51,-264,redraft,12,QB|RB|RB|WR|WR|TE|FLEX|K,3,36,11.39,1.084,3951,2314,1191,534,170,66
9486,player,Dontayvion Wicks,WR,PHI,24,14,75.8,5.41,0,,,,redraft,12,QB|RB|RB|WR|WR|TE|FLEX|K,3,36,11.39,1.084,2302,2302,1644,1151,171,67
6271,player,Olamide Zaccheaus,WR,ATL,28,16,84.8,5.3,0,,,,redraft,12,QB|RB|RB|WR|WR|TE|FLEX|K,3,36,11.39,1.084,2301,2301,1439,887,172,68
10226,player,Andrei Iosivas,WR,CIN,26,17,89.9,5.29,0,,,,redraft,12,QB|RB|RB|WR|WR|TE|FLEX|K,3,36,11.39,1.084,2297,2297,1608,1126,173,69
12533,player,Jacory Croskey-Merritt,RB,WAS,25,17,142.3,8.37,495,125,49,105,redraft,12,QB|RB|RB|WR|WR|TE|FLEX|K,3,36,9.34,1.116,3742,2281,1394,835,174,44
9500,player,Josh Downs,WR,IND,24,16,137.4,8.59,595,114,46,432,redraft,12,QB|RB|RB|WR|WR|TE|FLEX|K,3,36,11.39,1.084,3655,2278,1627,1139,175,70
8110,player,Jake Ferguson,TE,DAL,27,17,188.1,11.06,573,116,11,40,redraft,12,QB|RB|RB|WR|WR|TE|FLEX|K,2,24,8.52,0.827,3661,2271,1590,1113,176,13
12472,player,Raheim Sanders,RB,CLE,23,4,20.3,5.08,0,,,,redraft,12,QB|RB|RB|WR|WR|TE|FLEX|K,3,36,9.34,1.116,2271,2271,1590,1113,177,45
12485,player,Tez Johnson,WR,TB,23,16,92.4,5.78,0,,,,redraft,12,QB|RB|RB|WR|WR|TE|FLEX|K,3,36,11.39,1.084,2259,2259,1722,1230,178,71
6943,player,Gabe Davis,WR,,26,6,30.9,5.15,0,,,,redraft,12,QB|RB|RB|WR|WR|TE|FLEX|K,3,36,11.39,1.084,2236,2236,1565,1096,179,72
10221,player,Ronnie Bell,WR,NO,26,2,10.3,5.15,0,,,,redraft,12,QB|RB|RB|WR|WR|TE|FLEX|K,3,36,11.39,1.084,2236,2236,1565,1096,180,73
11647,player,Kimani Vidal,RB,LAC,24,13,117.9,9.07,13,197,66,13,redraft,12,QB|RB|RB|WR|WR|TE|FLEX|K,3,36,9.34,1.116,4054,2236,1565,957,181,46
11589,player,Trey Benson,RB,ARI,23,4,35.4,8.85,113,170,59,-183,redraft,12,QB|RB|RB|WR|WR|TE|FLEX|K,3,36,9.34,1.116,3956,2227,1559,1091,182,47
12538,player,Brady Cook,QB,NYJ,24,5,34.5,6.9,0,,,,redraft,12,QB|RB|RB|WR|WR|TE|FLEX|K,1,12,18.22,0.934,2220,2220,1626,1189,183,47
11834,player,Devaughn Vele,WR,NO,28,13,66.3,5.1,0,,,,redraft,12,QB|RB|RB|WR|WR|TE|FLEX|K,3,36,11.39,1.084,2215,2215,1385,854,184,74
9508,player,Tyjae Spears,RB,TEN,24,13,111.7,8.59,223,152,54,152,redraft,12,QB|RB|RB|WR|WR|TE|FLEX|K,3,36,9.34,1.116,3840,2212,1548,947,185,48
7600,player,Pat Freiermuth,TE,PIT,27,17,113.6,6.68,0,,,,redraft,12,QB|RB|RB|WR|WR|TE|FLEX|K,2,24,8.52,0.827,2211,2211,1548,1083,186,14
8917,player,KaVontae Turpin,WR,DAL,29,15,85.5,5.7,0,,,,redraft,12,QB|RB|RB|WR|WR|TE|FLEX|K,3,36,11.39,1.084,2211,2211,1363,825,187,75
11643,player,Jaylen Wright,RB,MIA,23,10,49.2,4.92,0,,,,redraft,12,QB|RB|RB|WR|WR|TE|FLEX|K,3,36,9.34,1.116,2199,2199,1539,1078,188,49
11586,player,Blake Corum,RB,LAR,25,17,122.2,7.19,955,95,37,-17,redraft,12,QB|RB|RB|WR|WR|TE|FLEX|K,3,36,9.34,1.116,3214,2197,1343,804,189,50
2216,player,Mike Evans,WR,SF,32,8,84.8,10.6,2059,66,27,-178,redraft,12,QB|RB|RB|WR|WR|TE|FLEX|K,3,36,11.39,1.084,2301,2192,982,301,190,76
11625,player,Adonai Mitchell,WR,NYJ,23,16,88.9,5.56,0,,,,redraft,12,QB|RB|RB|WR|WR|TE|FLEX|K,3,36,11.39,1.084,2173,2173,1656,1183,191,77
11533,player,Brandon Aubrey,K,DAL,31,17,155.6,9.15,0,,,,redraft,12,QB|RB|RB|WR|WR|TE|FLEX|K,1,12,8,0.583,2135,2135,1495,1046,192,4
9757,player,Kendre Miller,RB,NO,23,7,33.3,4.76,0,,,,redraft,12,QB|RB|RB|WR|WR|TE|FLEX|K,3,36,9.34,1.116,2128,2128,1490,1043,193,51
12522,player,Cam Ward,QB,TEN,23,17,200.7,11.81,286,141,20,99,redraft,12,QB|RB|RB|WR|WR|TE|FLEX|K,1,12,18.22,0.934,3623,2121,1557,1141,194,48
8172,player,Greg Dulcich,TE,MIA,26,10,63.8,6.38,0,,,,redraft,12,QB|RB|RB|WR|WR|TE|FLEX|K,2,24,8.52,0.827,2112,2112,1478,1035,195,15
4037,player,Chris Godwin,WR,TB,30,9,81,9,911,100,38,-22,redraft,12,QB|RB|RB|WR|WR|TE|FLEX|K,3,36,11.39,1.084,3074,2101,1271,654,196,78
12490,player,Bhayshul Tuten,RB,JAX,23,15,89.6,5.97,1407,81,31,74,redraft,12,QB|RB|RB|WR|WR|TE|FLEX|K,3,36,9.34,1.116,2669,2101,1471,1029,197,52
12470,player,Riley Leonard,QB,IND,23,5,34,6.8,0,,,,redraft,12,QB|RB|RB|WR|WR|TE|FLEX|K,1,12,18.22,0.934,2086,2086,1531,1122,198,49
13066,player,Ben Sauls,K,NYG,24,3,31,10.33,0,,,,redraft,12,QB|RB|RB|WR|WR|TE|FLEX|K,1,12,8,0.583,2073,2073,1519,1110,199,5
10236,player,Dalton Kincaid,TE,BUF,26,12,126.1,10.51,348,134,15,-80,redraft,12,QB|RB|RB|WR|WR|TE|FLEX|K,2,24,8.52,0.827,3479,2070,1449,1014,200,16
5955,player,Hunter Renfrow,WR,,30,6,35.9,5.98,0,,,,redraft,12,QB|RB|RB|WR|WR|TE|FLEX|K,3,36,11.39,1.084,2043,2043,1236,636,201,79
8676,player,Rashid Shaheed,WR,SEA,27,18,145.6,8.09,195,153,59,0,redraft,12,QB|RB|RB|WR|WR|TE|FLEX|K,3,36,11.39,1.084,3513,2020,1414,884,202,80
8408,player,Jordan Mason,RB,MIN,26,16,129.9,8.12,611,113,42,103,redraft,12,QB|RB|RB|WR|WR|TE|FLEX|K,3,36,9.34,1.116,3170,2018,1208,702,203,53
10444,player,Cedric Tillman,WR,CLE,26,13,60,4.62,0,,,,redraft,12,QB|RB|RB|WR|WR|TE|FLEX|K,3,36,11.39,1.084,2006,2006,1404,983,204,81
7002,player,Juwan Johnson,TE,NO,29,17,181.9,10.7,86,177,22,-50,redraft,12,QB|RB|RB|WR|WR|TE|FLEX|K,2,24,8.52,0.827,3542,1987,1252,779,205,17
8136,player,Rachaad White,RB,WAS,27,17,143,8.41,982,93,36,212,redraft,12,QB|RB|RB|WR|WR|TE|FLEX|K,3,36,9.34,1.116,2807,1986,1154,521,206,54
5906,player,Dawson Knox,TE,BUF,29,17,101.7,5.98,0,,,,redraft,12,QB|RB|RB|WR|WR|TE|FLEX|K,2,24,8.52,0.827,1979,1979,1247,776,207,18
4454,player,Kendrick Bourne,WR,ARI,30,16,92.1,5.76,0,,,,redraft,12,QB|RB|RB|WR|WR|TE|FLEX|K,3,36,11.39,1.084,1968,1968,1191,613,208,82
5189,player,Eddy Pineiro,K,SF,30,14,118,8.43,0,,,,redraft,12,QB|RB|RB|WR|WR|TE|FLEX|K,1,12,8,0.583,1967,1967,1377,964,209,6
11646,player,Jalen Coker,WR,CAR,24,11,89.4,8.13,113,169,65,-21,redraft,12,QB|RB|RB|WR|WR|TE|FLEX|K,3,36,11.39,1.084,3460,1954,1396,977,210,83
8147,player,John Metchie,WR,CAR,25,16,71.9,4.49,0,,,,redraft,12,QB|RB|RB|WR|WR|TE|FLEX|K,3,36,11.39,1.084,1950,1950,1365,955,211,84
12492,player,Pat Bryant,WR,DEN,23,15,74.8,4.99,0,,,,redraft,12,QB|RB|RB|WR|WR|TE|FLEX|K,3,36,11.39,1.084,1950,1950,1486,1062,212,85
12506,player,Harold Fannin,TE,CLE,21,16,187.4,11.71,695,108,10,-105,redraft,12,QB|RB|RB|WR|WR|TE|FLEX|K,2,24,8.52,0.827,2977,1950,1393,1020,213,19
11571,player,Isaiah Davis,RB,NYJ,24,16,69.2,4.33,0,,,,redraft,12,QB|RB|RB|WR|WR|TE|FLEX|K,3,36,9.34,1.116,1936,1936,1355,828,214,55
5022,player,Dallas Goedert,TE,PHI,31,15,185.1,12.34,301,140,16,-125,redraft,12,QB|RB|RB|WR|WR|TE|FLEX|K,2,24,8.52,0.827,3268,1933,1184,639,215,20
12530,player,Travis Hunter,WR,JAX,22,7,63.8,9.11,308,137,52,-77,redraft,12,QB|RB|RB|WR|WR|TE|FLEX|K,3,36,11.39,1.084,3244,1923,1477,1126,216,86
10222,player,Jayden Reed,WR,GB,26,7,48.5,6.93,587,115,47,232,redraft,12,QB|RB|RB|WR|WR|TE|FLEX|K,3,36,11.39,1.084,3009,1919,1343,940,217,87
4233,player,Zane Gonzalez,K,MIA,30,9,74,8.22,0,,,,redraft,12,QB|RB|RB|WR|WR|TE|FLEX|K,1,12,8,0.583,1918,1918,1343,940,218,7
6151,player,Miles Sanders,RB,,28,4,27.7,6.92,0,,,,redraft,12,QB|RB|RB|WR|WR|TE|FLEX|K,3,36,9.34,1.116,1918,1918,866,273,219,56
5001,player,Dalton Schultz,TE,HOU,29,17,177.7,10.45,13,198,26,10,redraft,12,QB|RB|RB|WR|WR|TE|FLEX|K,2,24,8.52,0.827,3459,1908,1202,748,220,21
13279,player,Carnell Tate,WR,TEN,21,0,0,0,2197,62,26,37,redraft,12,QB|RB|RB|WR|WR|TE|FLEX|K,3,36,11.39,1.084,1654,1898,1397,1073,221,88
7670,player,Joshua Palmer,WR,BUF,26,12,52.3,4.36,0,,,,redraft,12,QB|RB|RB|WR|WR|TE|FLEX|K,3,36,11.39,1.084,1893,1893,1325,928,222,89
5967,player,Tony Pollard,RB,TEN,29,17,188.8,11.11,1759,75,28,663,redraft,12,QB|RB|RB|WR|WR|TE|FLEX|K,3,36,9.34,1.116,1987,1884,593,46,223,57
19,player,Joe Flacco,QB,CIN,41,13,155.7,11.98,0,,,,redraft,12,QB|RB|RB|WR|WR|TE|FLEX|K,1,12,18.22,0.934,1882,1882,941,395,224,50
8259,player,Cameron Dicker,K,LAC,25,17,148,8.71,0,,,,redraft,12,QB|RB|RB|WR|WR|TE|FLEX|K,1,12,8,0.583,1829,1829,1337,976,225,8
9480,player,Brenton Strange,TE,JAX,25,12,118,9.83,142,163,20,16,redraft,12,QB|RB|RB|WR|WR|TE|FLEX|K,2,24,8.52,0.827,3189,1818,1299,909,226,22
8698,player,Jake Tonges,TE,SF,26,17,93.3,5.49,0,,,,redraft,12,QB|RB|RB|WR|WR|TE|FLEX|K,2,24,8.52,0.827,1817,1817,1272,890,227,23
11539,player,Jake Bates,K,DET,27,17,135,7.94,0,,,,redraft,12,QB|RB|RB|WR|WR|TE|FLEX|K,1,12,8,0.583,1815,1815,1296,907,228,9
8132,player,Tyler Allgeier,RB,ARI,26,17,123,7.24,567,117,43,-869,redraft,12,QB|RB|RB|WR|WR|TE|FLEX|K,3,36,9.34,1.116,2826,1809,1083,629,229,58
5995,player,Justice Hill,RB,BAL,28,10,65.2,6.52,0,,,,redraft,12,QB|RB|RB|WR|WR|TE|FLEX|K,3,36,9.34,1.116,1807,1807,816,257,230,59
8200,player,Kevin Austin,WR,NO,26,8,33,4.13,0,,,,redraft,12,QB|RB|RB|WR|WR|TE|FLEX|K,3,36,11.39,1.084,1793,1793,1255,879,231,90
11618,player,Jalen McMillan,WR,TB,24,4,29.9,7.47,91,176,68,-87,redraft,12,QB|RB|RB|WR|WR|TE|FLEX|K,3,36,11.39,1.084,3179,1789,1278,894,232,91
11624,player,Xavier Worthy,WR,KC,23,14,109.9,7.85,223,151,58,50,redraft,12,QB|RB|RB|WR|WR|TE|FLEX|K,3,36,11.39,1.084,3068,1788,1363,973,233,92
12457,player,Jaydon Blue,RB,DAL,22,5,20.4,4.08,0,,,,redraft,12,QB|RB|RB|WR|WR|TE|FLEX|K,3,36,9.34,1.116,1787,1787,1276,893,234,60
4227,player,Harrison Butker,K,KC,30,17,130,7.65,0,,,,redraft,12,QB|RB|RB|WR|WR|TE|FLEX|K,1,12,8,0.583,1785,1785,1250,875,235,10
7571,player,Rashod Bateman,WR,BAL,26,13,53.4,4.11,0,,,,redraft,12,QB|RB|RB|WR|WR|TE|FLEX|K,3,36,11.39,1.084,1785,1785,1250,875,236,93
6783,player,Jerry Jeudy,WR,CLE,27,17,121.7,7.16,144,162,63,10,redraft,12,QB|RB|RB|WR|WR|TE|FLEX|K,3,36,11.39,1.084,3109,1775,1243,777,237,94
2020,player,Cairo Santos,K,CHI,34,15,114,7.6,0,,,,redraft,12,QB|RB|RB|WR|WR|TE|FLEX|K,1,12,8,0.583,1773,1773,1241,837,238,11
2505,player,Darren Waller,TE,,33,9,88.7,9.86,0,,,,redraft,12,QB|RB|RB|WR|WR|TE|FLEX|K,2,24,8.52,0.827,1762,1762,868,352,239,24
10866,player,Aidan O'Connell,QB,LV,27,1,4.8,4.8,0,,,,redraft,12,QB|RB|RB|WR|WR|TE|FLEX|K,1,12,18.22,0.934,1760,1760,1257,880,240,51
13281,player,Jordyn Tyson,WR,NO,21,0,0,0,2036,67,28,399,redraft,12,QB|RB|RB|WR|WR|TE|FLEX|K,3,36,11.39,1.084,1532,1759,1294,995,241,95
6650,player,Chase McLaughlin,K,TB,30,17,128,7.53,0,,,,redraft,12,QB|RB|RB|WR|WR|TE|FLEX|K,1,12,8,0.583,1757,1757,1230,861,242,12
10937,player,Jake Moody,K,WAS,26,9,72,8,0,,,,redraft,12,QB|RB|RB|WR|WR|TE|FLEX|K,1,12,8,0.583,1754,1754,1280,914,243,13
11439,player,Jaleel McLaughlin,RB,DEN,25,8,31.4,3.92,0,,,,redraft,12,QB|RB|RB|WR|WR|TE|FLEX|K,3,36,9.34,1.116,1752,1752,1071,641,244,61
6130,player,Devin Singletary,RB,NYG,28,17,106.8,6.28,0,,,,redraft,12,QB|RB|RB|WR|WR|TE|FLEX|K,3,36,9.34,1.116,1740,1740,786,248,245,62
10219,player,Chris Rodriguez,RB,JAX,26,13,92,7.08,482,126,50,18,redraft,12,QB|RB|RB|WR|WR|TE|FLEX|K,3,36,9.34,1.116,2764,1737,1040,604,246,63
11056,player,Jared Wayne,WR,HOU,25,1,4,4,0,,,,redraft,12,QB|RB|RB|WR|WR|TE|FLEX|K,3,36,11.39,1.084,1737,1737,1216,851,247,96
1433,player,Brandon McManus,K,GB,34,14,104,7.43,0,,,,redraft,12,QB|RB|RB|WR|WR|TE|FLEX|K,1,12,8,0.583,1733,1733,1213,819,248,14
4950,player,Christian Kirk,WR,SF,29,13,57.9,4.45,0,,,,redraft,12,QB|RB|RB|WR|WR|TE|FLEX|K,3,36,11.39,1.084,1726,1726,1064,644,249,97
5857,player,Noah Fant,TE,NO,28,15,77.8,5.19,0,,,,redraft,12,QB|RB|RB|WR|WR|TE|FLEX|K,2,24,8.52,0.827,1718,1718,1203,758,250,25
12484,player,Jayden Higgins,WR,HOU,23,17,129.5,7.62,176,158,61,-80,redraft,12,QB|RB|RB|WR|WR|TE|FLEX|K,3,36,11.39,1.084,2978,1717,1309,935,251,98
6920,player,Isaiah Hodgins,WR,NYG,27,7,27.5,3.93,0,,,,redraft,12,QB|RB|RB|WR|WR|TE|FLEX|K,3,36,11.39,1.084,1706,1706,1194,747,252,99
4066,player,Evan Engram,TE,DEN,31,16,102.8,6.42,0,,,,redraft,12,QB|RB|RB|WR|WR|TE|FLEX|K,2,24,8.52,0.827,1700,1700,1041,562,253,26
6853,player,Van Jefferson,WR,WAS,29,16,70,4.38,0,,,,redraft,12,QB|RB|RB|WR|WR|TE|FLEX|K,3,36,11.39,1.084,1699,1699,1047,634,254,100
12498,player,Mason Taylor,TE,NYJ,21,13,86.9,6.68,0,,,,redraft,12,QB|RB|RB|WR|WR|TE|FLEX|K,2,24,8.52,0.827,1698,1698,1213,888,255,27
9482,player,Michael Mayer,TE,LV,24,13,73.8,5.68,0,,,,redraft,12,QB|RB|RB|WR|WR|TE|FLEX|K,2,24,8.52,0.827,1692,1692,1290,921,256,28
1945,player,Chris Boswell,K,PIT,35,17,123,7.24,0,,,,redraft,12,QB|RB|RB|WR|WR|TE|FLEX|K,1,12,8,0.583,1689,1689,1140,768,257,15
3678,player,Wil Lutz,K,DEN,31,17,123,7.24,0,,,,redraft,12,QB|RB|RB|WR|WR|TE|FLEX|K,1,12,8,0.583,1689,1689,1182,828,258,16
4040,player,JuJu Smith-Schuster,WR,,29,17,73.5,4.32,0,,,,redraft,12,QB|RB|RB|WR|WR|TE|FLEX|K,3,36,11.39,1.084,1676,1676,1033,625,259,101
7537,player,Jaret Patterson,RB,LAC,26,6,25.7,4.28,0,,,,redraft,12,QB|RB|RB|WR|WR|TE|FLEX|K,3,36,9.34,1.116,1671,1671,1000,581,260,64
12015,player,Harrison Mevis,K,LAR,24,9,75,8.33,0,,,,redraft,12,QB|RB|RB|WR|WR|TE|FLEX|K,1,12,8,0.583,1671,1671,1224,895,261,17
12455,player,Brashard Smith,RB,KC,23,17,63.3,3.72,0,,,,redraft,12,QB|RB|RB|WR|WR|TE|FLEX|K,3,36,9.34,1.116,1663,1663,1164,815,262,65
8413,player,Chris Oladokun,QB,KC,28,3,13.2,4.4,0,,,,redraft,12,QB|RB|RB|WR|WR|TE|FLEX|K,1,12,18.22,0.934,1646,1646,1152,807,263,52
4177,player,Mack Hollins,WR,NE,32,15,113.4,7.56,0,,,,redraft,12,QB|RB|RB|WR|WR|TE|FLEX|K,3,36,11.39,1.084,1641,1641,735,225,264,102
11653,player,Charlie Smyth,K,NO,24,6,49,8.17,0,,,,redraft,12,QB|RB|RB|WR|WR|TE|FLEX|K,1,12,8,0.583,1639,1639,1201,878,265,18
96,player,Aaron Rodgers,QB,,42,16,233.1,14.57,0,,,,redraft,12,QB|RB|RB|WR|WR|TE|FLEX|K,1,12,18.22,0.934,1635,1635,687,160,266,53
6039,player,Ty Johnson,RB,BUF,28,17,100.3,5.9,0,,,,redraft,12,QB|RB|RB|WR|WR|TE|FLEX|K,3,36,9.34,1.116,1635,1635,738,233,267,66
4993,player,Mike Gesicki,TE,CIN,30,13,70.7,5.44,0,,,,redraft,12,QB|RB|RB|WR|WR|TE|FLEX|K,2,24,8.52,0.827,1621,1621,1009,618,268,29
11792,player,Will Reichard,K,MIN,25,17,130,7.65,0,,,,redraft,12,QB|RB|RB|WR|WR|TE|FLEX|K,1,12,8,0.583,1606,1606,1174,857,269,19
6528,player,Joey Slye,K,TEN,30,16,110,6.88,0,,,,redraft,12,QB|RB|RB|WR|WR|TE|FLEX|K,1,12,8,0.583,1605,1605,1124,786,270,20
11058,player,Blake Grupe,K,IND,27,16,112,7,0,,,,redraft,12,QB|RB|RB|WR|WR|TE|FLEX|K,1,12,8,0.583,1600,1600,1143,800,271,21
6826,player,Cole Kmet,TE,CHI,27,16,76.7,4.79,0,,,,redraft,12,QB|RB|RB|WR|WR|TE|FLEX|K,2,24,8.52,0.827,1585,1585,1110,777,272,30
12711,player,Tyler Loop,K,BAL,24,17,134,7.88,0,,,,redraft,12,QB|RB|RB|WR|WR|TE|FLEX|K,1,12,8,0.583,1581,1581,1158,847,273,22
4039,player,Cooper Kupp,WR,SEA,32,16,116.3,7.27,0,,,,redraft,12,QB|RB|RB|WR|WR|TE|FLEX|K,3,36,11.39,1.084,1578,1578,707,217,274,103
11610,player,Malik Washington,WR,MIA,25,17,111.7,6.57,20,195,78,20,redraft,12,QB|RB|RB|WR|WR|TE|FLEX|K,3,36,11.39,1.084,2853,1578,1105,773,275,104
8135,player,Treylon Burks,WR,WAS,26,8,29,3.63,0,,,,redraft,12,QB|RB|RB|WR|WR|TE|FLEX|K,3,36,11.39,1.084,1576,1576,1103,772,276,105
7587,player,Dyami Brown,WR,WAS,26,14,50.7,3.62,0,,,,redraft,12,QB|RB|RB|WR|WR|TE|FLEX|K,3,36,11.39,1.084,1572,1572,1100,770,277,106
12536,player,Jaylin Noel,WR,HOU,23,17,68.4,4.02,0,,,,redraft,12,QB|RB|RB|WR|WR|TE|FLEX|K,3,36,11.39,1.084,1571,1571,1197,855,278,107
3214,player,Hunter Henry,TE,NE,31,17,178.8,10.52,82,178,23,38,redraft,12,QB|RB|RB|WR|WR|TE|FLEX|K,2,24,8.52,0.827,2786,1569,961,519,279,31
12502,player,Gunnar Helm,TE,TEN,23,16,91.7,5.73,0,,,,redraft,12,QB|RB|RB|WR|WR|TE|FLEX|K,2,24,8.52,0.827,1555,1555,1195,911,280,32
13294,player,Makai Lemon,WR,PHI,21,0,0,0,1777,74,33,-719,redraft,12,QB|RB|RB|WR|WR|TE|FLEX|K,3,36,11.39,1.084,1337,1535,1130,868,281,108
11199,player,Emari Demercado,RB,KC,27,13,59.3,4.56,0,,,,redraft,12,QB|RB|RB|WR|WR|TE|FLEX|K,3,36,9.34,1.116,1522,1522,885,400,282,67
8076,player,Michael Bandy,WR,DEN,28,4,14,3.5,0,,,,redraft,12,QB|RB|RB|WR|WR|TE|FLEX|K,3,36,11.39,1.084,1520,1520,951,586,283,109
12935,player,Jakobie Keeney-James,WR,GB,25,1,3.5,3.5,0,,,,redraft,12,QB|RB|RB|WR|WR|TE|FLEX|K,3,36,11.39,1.084,1520,1520,1064,745,284,110
12520,player,Xavier Restrepo,WR,TEN,24,2,7.1,3.55,0,,,,redraft,12,QB|RB|RB|WR|WR|TE|FLEX|K,3,36,11.39,1.084,1511,1511,1079,755,285,111
2449,player,Stefon Diggs,WR,,32,17,210.3,12.37,65,181,70,-64,redraft,12,QB|RB|RB|WR|WR|TE|FLEX|K,3,36,11.39,1.084,2686,1507,675,207,286,112
11786,player,Cam Little,K,JAX,22,17,140,8.24,0,,,,redraft,12,QB|RB|RB|WR|WR|TE|FLEX|K,1,12,8,0.583,1507,1507,1103,810,287,23
12713,player,Andy Borregales,K,NE,23,17,134,7.88,0,,,,redraft,12,QB|RB|RB|WR|WR|TE|FLEX|K,1,12,8,0.583,1507,1507,1106,810,288,24
5938,player,Lil'Jordan Humphrey,WR,DEN,28,10,34.6,3.46,0,,,,redraft,12,QB|RB|RB|WR|WR|TE|FLEX|K,3,36,11.39,1.084,1502,1502,939,579,289,113
8670,player,Parker Romo,K,,28,7,45,6.43,0,,,,redraft,12,QB|RB|RB|WR|WR|TE|FLEX|K,1,12,8,0.583,1500,1500,1050,735,290,25
503,player,Graham Gano,K,,38,5,36,7.2,0,,,,redraft,12,QB|RB|RB|WR|WR|TE|FLEX|K,1,12,8,0.583,1498,1498,1006,675,291,26
6083,player,Matt Gay,K,LV,32,12,77,6.42,0,,,,redraft,12,QB|RB|RB|WR|WR|TE|FLEX|K,1,12,8,0.583,1498,1498,1049,734,292,27
7839,player,Evan McPherson,K,CIN,26,17,116,6.82,0,,,,redraft,12,QB|RB|RB|WR|WR|TE|FLEX|K,1,12,8,0.583,1496,1496,1092,780,293,28
1479,player,Keenan Allen,WR,,33,17,182.7,10.75,0,,,,redraft,12,QB|RB|RB|WR|WR|TE|FLEX|K,3,36,11.39,1.084,1494,1494,458,46,294,114
4144,player,Jonnu Smith,TE,,30,17,85.2,5.01,0,,,,redraft,12,QB|RB|RB|WR|WR|TE|FLEX|K,2,24,8.52,0.827,1492,1492,928,569,295,33
5844,player,T.J. Hockenson,TE,MIN,28,15,112.8,7.52,274,146,18,-20,redraft,12,QB|RB|RB|WR|WR|TE|FLEX|K,2,24,8.52,0.827,2489,1492,1044,658,296,34
8205,player,Isiah Pacheco,RB,DET,27,13,87.3,6.72,567,118,44,9,redraft,12,QB|RB|RB|WR|WR|TE|FLEX|K,3,36,9.34,1.116,2243,1489,865,391,297,68
13120,player,Jacoby Jones,WR,WAS,24,1,3.5,3.5,0,,,,redraft,12,QB|RB|RB|WR|WR|TE|FLEX|K,3,36,11.39,1.084,1489,1489,1064,745,298,115
7922,player,Riley Patterson,K,MIA,26,17,115,6.76,0,,,,redraft,12,QB|RB|RB|WR|WR|TE|FLEX|K,1,12,8,0.583,1482,1482,1082,773,299,29
8117,player,Jalen Tolbert,WR,MIA,27,13,44.3,3.41,0,,,,redraft,12,QB|RB|RB|WR|WR|TE|FLEX|K,3,36,11.39,1.084,1481,1481,1037,648,300,116
8002,player,Shane Buechele,QB,BUF,28,1,3.9,3.9,0,,,,redraft,12,QB|RB|RB|WR|WR|TE|FLEX|K,1,12,18.22,0.934,1459,1459,1021,715,301,54
5012,player,Mark Andrews,TE,BAL,30,17,131,7.71,430,128,13,55,redraft,12,QB|RB|RB|WR|WR|TE|FLEX|K,2,24,8.52,0.827,2297,1457,907,555,302,35
10955,player,Chad Ryland,K,ARI,26,17,111,6.53,0,,,,redraft,12,QB|RB|RB|WR|WR|TE|FLEX|K,1,12,8,0.583,1432,1432,1045,746,303,30
8180,player,Jalen Nailor,WR,LV,27,17,98.7,5.81,81,179,69,28,redraft,12,QB|RB|RB|WR|WR|TE|FLEX|K,3,36,11.39,1.084,2523,1424,997,623,304,117
12495,player,Ollie Gordon,RB,MIA,22,17,54.1,3.18,0,,,,redraft,12,QB|RB|RB|WR|WR|TE|FLEX|K,3,36,9.34,1.116,1393,1393,995,697,305,69
8210,player,Chig Okonkwo,TE,WAS,26,17,124,7.29,137,166,21,-32,redraft,12,QB|RB|RB|WR|WR|TE|FLEX|K,2,24,8.52,0.827,2413,1389,972,681,306,36
8932,player,Lucas Havrisik,K,GB,26,3,19,6.33,0,,,,redraft,12,QB|RB|RB|WR|WR|TE|FLEX|K,1,12,8,0.583,1388,1388,1013,724,307,31
4195,player,Jake Elliott,K,PHI,31,17,101,5.94,0,,,,redraft,12,QB|RB|RB|WR|WR|TE|FLEX|K,1,12,8,0.583,1386,1386,970,679,308,32
7596,player,Elijah Moore,WR,PHI,26,9,28.6,3.18,0,,,,redraft,12,QB|RB|RB|WR|WR|TE|FLEX|K,3,36,11.39,1.084,1381,1381,967,677,309,118
11257,player,Shedrick Jackson,WR,LV,26,5,15.9,3.18,0,,,,redraft,12,QB|RB|RB|WR|WR|TE|FLEX|K,3,36,11.39,1.084,1381,1381,967,677,310,119
11608,player,Isaiah Williams,WR,NYJ,25,15,47.7,3.18,0,,,,redraft,12,QB|RB|RB|WR|WR|TE|FLEX|K,3,36,11.39,1.084,1381,1381,967,677,311,120
5230,player,Michael Badgley,K,,30,9,53,5.89,0,,,,redraft,12,QB|RB|RB|WR|WR|TE|FLEX|K,1,12,8,0.583,1374,1374,962,673,312,33
12493,player,Oronde Gadsden,TE,LAC,22,15,132.4,8.83,243,150,19,-17,redraft,12,QB|RB|RB|WR|WR|TE|FLEX|K,2,24,8.52,0.827,2291,1369,1002,770,313,37
4082,player,Curtis Samuel,WR,,29,6,21.1,3.52,0,,,,redraft,12,QB|RB|RB|WR|WR|TE|FLEX|K,3,36,11.39,1.084,1365,1365,841,509,314,121
6960,player,Tyler Johnson,WR,DAL,27,12,37.7,3.14,0,,,,redraft,12,QB|RB|RB|WR|WR|TE|FLEX|K,3,36,11.39,1.084,1363,1363,954,597,315,122
7562,player,Tutu Atwell,WR,MIA,26,10,31.2,3.12,0,,,,redraft,12,QB|RB|RB|WR|WR|TE|FLEX|K,3,36,11.39,1.084,1355,1355,948,664,316,123
8800,player,Malik Davis,RB,DAL,27,10,40.6,4.06,0,,,,redraft,12,QB|RB|RB|WR|WR|TE|FLEX|K,3,36,9.34,1.116,1355,1355,788,356,317,70
260,player,Josh Johnson,QB,CIN,39,5,27.4,5.48,0,,,,redraft,12,QB|RB|RB|WR|WR|TE|FLEX|K,1,12,18.22,0.934,1353,1353,775,422,318,55
9479,player,Darnell Washington,TE,PIT,24,16,72.4,4.53,0,,,,redraft,12,QB|RB|RB|WR|WR|TE|FLEX|K,2,24,8.52,0.827,1349,1349,1028,734,319,38
11575,player,Ray Davis,RB,BUF,26,17,58.1,3.42,0,,,,redraft,12,QB|RB|RB|WR|WR|TE|FLEX|K,3,36,9.34,1.116,1335,1335,799,464,320,71
11629,player,Devontez Walker,WR,BAL,24,12,37.6,3.13,0,,,,redraft,12,QB|RB|RB|WR|WR|TE|FLEX|K,3,36,11.39,1.084,1332,1332,951,666,321,124
11789,player,Joshua Karty,K,ARI,24,8,53,6.63,0,,,,redraft,12,QB|RB|RB|WR|WR|TE|FLEX|K,1,12,8,0.583,1330,1330,974,712,322,34
4033,player,David Njoku,TE,,29,12,86.3,7.19,26,192,24,9,redraft,12,QB|RB|RB|WR|WR|TE|FLEX|K,2,24,8.52,0.827,2380,1321,832,518,323,39
11168,player,Xavier Smith,WR,LAR,28,16,48.3,3.02,0,,,,redraft,12,QB|RB|RB|WR|WR|TE|FLEX|K,3,36,11.39,1.084,1311,1311,820,505,324,125
8143,player,Jerome Ford,RB,WAS,26,13,43.6,3.35,0,,,,redraft,12,QB|RB|RB|WR|WR|TE|FLEX|K,3,36,9.34,1.116,1308,1308,783,455,325,72
7610,player,Trey Lance,QB,LAC,25,4,15.5,3.88,0,,,,redraft,12,QB|RB|RB|WR|WR|TE|FLEX|K,1,12,18.22,0.934,1306,1306,955,697,326,56
11261,player,Andre Szmyt,K,CLE,27,17,97,5.71,0,,,,redraft,12,QB|RB|RB|WR|WR|TE|FLEX|K,1,12,8,0.583,1305,1305,932,653,327,35
11603,player,AJ Barner,TE,SEA,23,17,147.3,8.66,22,194,25,-1,redraft,12,QB|RB|RB|WR|WR|TE|FLEX|K,2,24,8.52,0.827,2350,1302,1000,762,328,40
9230,player,Tanner McKee,QB,PHI,26,4,14.8,3.7,0,,,,redraft,12,QB|RB|RB|WR|WR|TE|FLEX|K,1,12,18.22,0.934,1301,1301,949,678,329,57
11630,player,Roman Wilson,WR,PIT,24,13,39.6,3.05,0,,,,redraft,12,QB|RB|RB|WR|WR|TE|FLEX|K,3,36,11.39,1.084,1298,1298,927,649,330,126
4080,player,Zay Jones,WR,,30,8,30.3,3.79,0,,,,redraft,12,QB|RB|RB|WR|WR|TE|FLEX|K,3,36,11.39,1.084,1295,1295,784,403,331,127
7528,player,Najee Harris,RB,,27,3,11.6,3.87,0,,,,redraft,12,QB|RB|RB|WR|WR|TE|FLEX|K,3,36,9.34,1.116,1292,1292,751,339,332,73
8119,player,Jahan Dotson,WR,ATL,26,17,50.2,2.95,0,,,,redraft,12,QB|RB|RB|WR|WR|TE|FLEX|K,3,36,11.39,1.084,1281,1281,897,628,333,128
3271,player,Tyler Higbee,TE,LAR,33,10,71.1,7.11,0,,,,redraft,12,QB|RB|RB|WR|WR|TE|FLEX|K,2,24,8.52,0.827,1271,1271,626,254,334,41
4171,player,Josh Reynolds,WR,,31,5,21.1,4.22,0,,,,redraft,12,QB|RB|RB|WR|WR|TE|FLEX|K,3,36,11.39,1.084,1246,1246,641,287,335,129
12469,player,Dylan Sampson,RB,CLE,21,15,88.6,5.91,107,172,60,53,redraft,12,QB|RB|RB|WR|WR|TE|FLEX|K,3,36,9.34,1.116,2166,1239,1037,740,336,74
12961,player,Ryan Fitzgerald,K,CAR,25,17,99,5.82,0,,,,redraft,12,QB|RB|RB|WR|WR|TE|FLEX|K,1,12,8,0.583,1222,1222,893,652,337,36
7694,player,Tommy Tremble,TE,CAR,25,17,63.9,3.76,0,,,,redraft,12,QB|RB|RB|WR|WR|TE|FLEX|K,2,24,8.52,0.827,1220,1220,871,610,338,42
12503,player,Isaiah Bond,WR,CLE,22,16,54.7,3.42,0,,,,redraft,12,QB|RB|RB|WR|WR|TE|FLEX|K,3,36,11.39,1.084,1218,1218,936,713,339,130
5973,player,Josh Oliver,TE,MIN,29,15,55,3.67,0,,,,redraft,12,QB|RB|RB|WR|WR|TE|FLEX|K,2,24,8.52,0.827,1215,1215,765,476,340,43
6945,player,Antonio Gibson,RB,,27,5,18.2,3.64,0,,,,redraft,12,QB|RB|RB|WR|WR|TE|FLEX|K,3,36,9.34,1.116,1215,1215,706,319,341,75
11435,player,Emanuel Wilson,RB,SEA,26,17,92.5,5.44,100,174,61,-232,redraft,12,QB|RB|RB|WR|WR|TE|FLEX|K,3,36,9.34,1.116,2124,1213,726,422,342,76
8225,player,Daniel Bellinger,TE,TEN,25,16,59.6,3.73,0,,,,redraft,12,QB|RB|RB|WR|WR|TE|FLEX|K,2,24,8.52,0.827,1210,1210,864,605,343,44
4666,player,Younghoe Koo,K,,31,6,31,5.17,0,,,,redraft,12,QB|RB|RB|WR|WR|TE|FLEX|K,1,12,8,0.583,1206,1206,844,591,344,37
10214,player,Davis Allen,TE,LAR,25,17,62.8,3.69,0,,,,redraft,12,QB|RB|RB|WR|WR|TE|FLEX|K,2,24,8.52,0.827,1197,1197,855,599,345,45
3634,player,Kalif Raymond,WR,CHI,31,15,60.8,4.05,0,,,,redraft,12,QB|RB|RB|WR|WR|TE|FLEX|K,3,36,11.39,1.084,1196,1196,616,276,346,131
7535,player,Hunter Long,TE,JAX,27,9,32.5,3.61,0,,,,redraft,12,QB|RB|RB|WR|WR|TE|FLEX|K,2,24,8.52,0.827,1195,1195,837,586,347,46
5095,player,Daniel Carlson,K,,31,17,87,5.12,0,,,,redraft,12,QB|RB|RB|WR|WR|TE|FLEX|K,1,12,8,0.583,1194,1194,836,585,348,38
3286,player,Demarcus Robinson,WR,SF,31,14,56.2,4.01,0,,,,redraft,12,QB|RB|RB|WR|WR|TE|FLEX|K,3,36,11.39,1.084,1184,1184,609,273,349,132
11557,player,Joe Milton,QB,DAL,26,4,13.3,3.33,0,,,,redraft,12,QB|RB|RB|WR|WR|TE|FLEX|K,1,12,18.22,0.934,1171,1171,855,610,350,58
11377,player,Tyrell Shavers,WR,BUF,26,17,45.5,2.68,0,,,,redraft,12,QB|RB|RB|WR|WR|TE|FLEX|K,3,36,11.39,1.084,1164,1164,815,570,351,133
13079,player,Jahdae Walker,WR,CHI,23,9,26.7,2.97,0,,,,redraft,12,QB|RB|RB|WR|WR|TE|FLEX|K,3,36,11.39,1.084,1161,1161,885,632,352,134
17,player,Matt Prater,K,,41,15,100,6.67,0,,,,redraft,12,QB|RB|RB|WR|WR|TE|FLEX|K,1,12,8,0.583,1151,1151,719,442,353,39
650,player,Nick Folk,K,ATL,41,16,106,6.63,0,,,,redraft,12,QB|RB|RB|WR|WR|TE|FLEX|K,1,12,8,0.583,1145,1145,715,440,354,40
4234,player,Noah Brown,WR,,30,4,13.3,3.33,0,,,,redraft,12,QB|RB|RB|WR|WR|TE|FLEX|K,3,36,11.39,1.084,1137,1137,688,354,355,135
10231,player,Elijah Higgins,TE,ARI,25,17,59.1,3.48,0,,,,redraft,12,QB|RB|RB|WR|WR|TE|FLEX|K,2,24,8.52,0.827,1129,1129,806,564,356,47
12547,player,Kyle Williams,WR,NE,23,17,49.2,2.89,0,,,,redraft,12,QB|RB|RB|WR|WR|TE|FLEX|K,3,36,11.39,1.084,1129,1129,861,615,357,136
11600,player,Ja'Tavion Sanders,TE,CAR,23,13,54,4.15,0,,,,redraft,12,QB|RB|RB|WR|WR|TE|FLEX|K,2,24,8.52,0.827,1126,1126,865,659,358,48
4972,player,Mason Rudolph,QB,PIT,30,6,18,3,0,,,,redraft,12,QB|RB|RB|WR|WR|TE|FLEX|K,1,12,18.22,0.934,1122,1122,785,550,359,59
6154,player,David Sills,WR,TB,29,17,49.1,2.89,0,,,,redraft,12,QB|RB|RB|WR|WR|TE|FLEX|K,3,36,11.39,1.084,1121,1121,691,418,360,137
9511,player,Keaton Mitchell,RB,LAC,24,13,55.4,4.26,162,160,56,20,redraft,12,QB|RB|RB|WR|WR|TE|FLEX|K,3,36,9.34,1.116,1904,1120,784,479,361,77
12501,player,Matthew Golden,WR,GB,22,14,70,5,307,138,53,108,redraft,12,QB|RB|RB|WR|WR|TE|FLEX|K,3,36,11.39,1.084,1780,1117,858,654,362,138
7891,player,Brock Wright,TE,DET,27,11,36.8,3.35,0,,,,redraft,12,QB|RB|RB|WR|WR|TE|FLEX|K,2,24,8.52,0.827,1109,1109,776,543,363,49
6268,player,Matthew Wright,K,,29,4,19,4.75,0,,,,redraft,12,QB|RB|RB|WR|WR|TE|FLEX|K,1,12,8,0.583,1108,1108,776,543,364,41
4981,player,Calvin Ridley,WR,TEN,31,7,47.3,6.76,8,199,79,8,redraft,12,QB|RB|RB|WR|WR|TE|FLEX|K,3,36,11.39,1.084,1996,1101,567,254,365,139
12641,player,Jaylin Lane,WR,WAS,24,15,38.2,2.55,0,,,,redraft,12,QB|RB|RB|WR|WR|TE|FLEX|K,3,36,11.39,1.084,1085,1085,775,542,366,140
12535,player,Isaac TeSlaa,WR,DET,24,17,75.9,4.46,5,200,80,-1,redraft,12,QB|RB|RB|WR|WR|TE|FLEX|K,3,36,11.39,1.084,1898,1046,747,523,367,141
12491,player,Corey Kiner,RB,ARI,24,4,9.3,2.33,0,,,,redraft,12,QB|RB|RB|WR|WR|TE|FLEX|K,3,36,9.34,1.116,1042,1042,729,446,368,78
12483,player,Jack Bech,WR,LV,23,16,42.4,2.65,0,,,,redraft,12,QB|RB|RB|WR|WR|TE|FLEX|K,3,36,11.39,1.084,1036,1036,790,564,369,142
11617,player,Malachi Corley,WR,CLE,24,13,31.6,2.43,0,,,,redraft,12,QB|RB|RB|WR|WR|TE|FLEX|K,3,36,11.39,1.084,1034,1034,739,517,370,143
11576,player,Braelon Allen,RB,NYJ,22,4,16.3,4.08,92,175,62,2,redraft,12,QB|RB|RB|WR|WR|TE|FLEX|K,3,36,9.34,1.116,1787,1024,731,512,371,79
12487,player,Terrance Ferguson,TE,LAR,23,14,52.1,3.72,0,,,,redraft,12,QB|RB|RB|WR|WR|TE|FLEX|K,2,24,8.52,0.827,1010,1010,776,591,372,50
12658,player,Jackson Hawes,TE,BUF,25,17,52.7,3.1,0,,,,redraft,12,QB|RB|RB|WR|WR|TE|FLEX|K,2,24,8.52,0.827,1006,1006,719,503,373,51
11633,player,Jamari Thrash,WR,CLE,25,9,20.7,2.3,0,,,,redraft,12,QB|RB|RB|WR|WR|TE|FLEX|K,3,36,11.39,1.084,999,999,699,490,374,144
3202,player,Austin Hooper,TE,ATL,31,16,59.3,3.71,0,,,,redraft,12,QB|RB|RB|WR|WR|TE|FLEX|K,2,24,8.52,0.827,982,982,601,325,375,52
11299,player,Zavier Scott,RB,MIN,26,16,40.2,2.51,0,,,,redraft,12,QB|RB|RB|WR|WR|TE|FLEX|K,3,36,9.34,1.116,980,980,587,341,376,80
8230,player,Ty Chandler,RB,NO,27,3,8.8,2.93,0,,,,redraft,12,QB|RB|RB|WR|WR|TE|FLEX|K,3,36,9.34,1.116,978,978,568,257,377,81
12509,player,Tre' Harris,WR,LAC,24,17,69.4,4.08,45,187,73,-79,redraft,12,QB|RB|RB|WR|WR|TE|FLEX|K,3,36,11.39,1.084,1736,975,696,487,378,145
12412,player,Terrell Jennings,RB,NE,25,7,15.2,2.17,0,,,,redraft,12,QB|RB|RB|WR|WR|TE|FLEX|K,3,36,9.34,1.116,970,970,593,355,379,82
11806,player,Casey Washington,WR,ATL,25,7,15.4,2.2,0,,,,redraft,12,QB|RB|RB|WR|WR|TE|FLEX|K,3,36,11.39,1.084,955,955,669,468,380,146
5086,player,Marquez Valdes-Scantling,WR,DAL,31,10,32,3.2,0,,,,redraft,12,QB|RB|RB|WR|WR|TE|FLEX|K,3,36,11.39,1.084,945,945,486,218,381,147
8131,player,Isaiah Likely,TE,NYG,26,14,62.7,4.48,276,145,17,-158,redraft,12,QB|RB|RB|WR|WR|TE|FLEX|K,2,24,8.52,0.827,1483,940,658,461,382,53
12482,player,Savion Williams,WR,GB,24,12,26.5,2.21,0,,,,redraft,12,QB|RB|RB|WR|WR|TE|FLEX|K,3,36,11.39,1.084,940,940,671,470,383,148
9481,player,Luke Musgrave,TE,GB,25,17,49.2,2.89,0,,,,redraft,12,QB|RB|RB|WR|WR|TE|FLEX|K,2,24,8.52,0.827,937,937,669,468,384,54
11623,player,Jordan Whittington,WR,LAR,25,17,36.3,2.14,0,,,,redraft,12,QB|RB|RB|WR|WR|TE|FLEX|K,3,36,11.39,1.084,929,929,650,455,385,149
8154,player,Brian Robinson,RB,ATL,27,17,62.5,3.68,534,121,46,-31,redraft,12,QB|RB|RB|WR|WR|TE|FLEX|K,3,36,9.34,1.116,1228,916,532,240,386,83
829,player,Andy Dalton,QB,PHI,38,4,12.5,3.13,0,,,,redraft,12,QB|RB|RB|WR|WR|TE|FLEX|K,1,12,18.22,0.934,913,913,541,310,387,60
13345,player,Jonah Coleman,RB,DEN,22,0,0,0,921,98,39,-696,redraft,12,QB|RB|RB|WR|WR|TE|FLEX|K,3,36,9.34,1.116,897,908,649,454,388,84
5096,player,Ray-Ray McCloud,WR,,29,6,13.9,2.32,0,,,,redraft,12,QB|RB|RB|WR|WR|TE|FLEX|K,3,36,11.39,1.084,900,900,555,336,389,150
8145,player,Jeremy Ruckert,TE,NYJ,25,17,46.9,2.76,0,,,,redraft,12,QB|RB|RB|WR|WR|TE|FLEX|K,2,24,8.52,0.827,895,895,639,447,390,55
8423,player,Brittain Brown,RB,CHI,28,3,9.7,3.23,0,,,,redraft,12,QB|RB|RB|WR|WR|TE|FLEX|K,3,36,9.34,1.116,895,895,404,127,391,85
13047,player,Jacardia Wright,RB,SEA,25,1,2,2,0,,,,redraft,12,QB|RB|RB|WR|WR|TE|FLEX|K,3,36,9.34,1.116,894,894,547,327,392,86
6869,player,Adam Trautman,TE,DEN,29,17,45.5,2.68,0,,,,redraft,12,QB|RB|RB|WR|WR|TE|FLEX|K,2,24,8.52,0.827,887,887,559,348,393,56
3200,player,Sterling Shepard,WR,,33,13,83,6.38,0,,,,redraft,12,QB|RB|RB|WR|WR|TE|FLEX|K,3,36,11.39,1.084,886,886,271,27,394,151
4992,player,Dante Pettis,WR,,30,8,20.7,2.59,0,,,,redraft,12,QB|RB|RB|WR|WR|TE|FLEX|K,3,36,11.39,1.084,885,885,536,276,395,152
12542,player,Efton Chism,WR,NE,24,8,16.5,2.06,0,,,,redraft,12,QB|RB|RB|WR|WR|TE|FLEX|K,3,36,11.39,1.084,877,877,626,438,396,153
12523,player,Jimmy Horn,WR,CAR,23,13,28.7,2.21,0,,,,redraft,12,QB|RB|RB|WR|WR|TE|FLEX|K,3,36,11.39,1.084,864,864,659,470,397,154
8208,player,Tyler Badie,RB,DEN,26,16,35.4,2.21,0,,,,redraft,12,QB|RB|RB|WR|WR|TE|FLEX|K,3,36,9.34,1.116,863,863,516,300,398,87
12907,player,Quentin Skinner,WR,NYJ,24,1,2,2,0,,,,redraft,12,QB|RB|RB|WR|WR|TE|FLEX|K,3,36,11.39,1.084,851,851,608,425,399,155
5409,player,Tanner Hudson,TE,CIN,31,15,47.8,3.19,0,,,,redraft,12,QB|RB|RB|WR|WR|TE|FLEX|K,2,24,8.52,0.827,845,845,518,279,400,57
6699,player,Gunner Olszewski,WR,NYG,29,16,34.8,2.17,0,,,,redraft,12,QB|RB|RB|WR|WR|TE|FLEX|K,3,36,11.39,1.084,842,842,519,314,401,156
5121,player,Braxton Berrios,WR,,30,4,9.7,2.42,0,,,,redraft,12,QB|RB|RB|WR|WR|TE|FLEX|K,3,36,11.39,1.084,827,827,500,258,402,157
4035,player,Alvin Kamara,RB,NO,30,11,102.7,9.34,912,99,40,257,redraft,12,QB|RB|RB|WR|WR|TE|FLEX|K,3,36,9.34,1.116,752,824,64,45,403,88
6820,player,Clyde Edwards-Helaire,RB,,26,2,4.2,2.1,0,,,,redraft,12,QB|RB|RB|WR|WR|TE|FLEX|K,3,36,9.34,1.116,820,820,491,285,404,89
11157,player,Brycen Tremayne,WR,CAR,26,16,30,1.88,0,,,,redraft,12,QB|RB|RB|WR|WR|TE|FLEX|K,3,36,11.39,1.084,816,816,571,400,405,158
11068,player,Mitch Tinsley,WR,CIN,26,17,31.6,1.86,0,,,,redraft,12,QB|RB|RB|WR|WR|TE|FLEX|K,3,36,11.39,1.084,808,808,566,396,406,159
7828,player,Noah Gray,TE,KC,27,16,38.8,2.42,0,,,,redraft,12,QB|RB|RB|WR|WR|TE|FLEX|K,2,24,8.52,0.827,801,801,561,392,407,58
9225,player,Tank Bigsby,RB,PHI,23,17,53.8,3.16,46,186,64,-8,redraft,12,QB|RB|RB|WR|WR|TE|FLEX|K,3,36,9.34,1.116,1413,798,559,391,408,90
12521,player,Elijah Arroyo,TE,SEA,23,13,37.9,2.92,0,,,,redraft,12,QB|RB|RB|WR|WR|TE|FLEX|K,2,24,8.52,0.827,793,793,609,464,409,59
12385,player,Jude McAtamney,K,,25,4,15,3.75,0,,,,redraft,12,QB|RB|RB|WR|WR|TE|FLEX|K,1,12,8,0.583,787,787,575,420,410,42
5185,player,Allen Lazard,WR,,30,10,23,2.3,0,,,,redraft,12,QB|RB|RB|WR|WR|TE|FLEX|K,3,36,11.39,1.084,786,786,476,245,411,160
7039,player,Cody White,WR,SEA,27,10,18,1.8,0,,,,redraft,12,QB|RB|RB|WR|WR|TE|FLEX|K,3,36,11.39,1.084,782,782,547,342,412,161
13298,player,KC Concepcion,WR,CLE,21,0,0,0,903,103,40,318,redraft,12,QB|RB|RB|WR|WR|TE|FLEX|K,3,36,11.39,1.084,680,780,574,441,413,162
12473,player,Mitchell Evans,TE,CAR,23,17,48.2,2.84,0,,,,redraft,12,QB|RB|RB|WR|WR|TE|FLEX|K,2,24,8.52,0.827,771,771,592,452,414,60
5010,player,Will Dissly,TE,,29,9,20.7,2.3,0,,,,redraft,12,QB|RB|RB|WR|WR|TE|FLEX|K,2,24,8.52,0.827,761,761,479,298,415,61
2197,player,Brandin Cooks,WR,,32,15,51.9,3.46,0,,,,redraft,12,QB|RB|RB|WR|WR|TE|FLEX|K,3,36,11.39,1.084,751,751,336,103,416,163
11370,player,Chris Brooks,RB,GB,26,17,32.7,1.92,0,,,,redraft,12,QB|RB|RB|WR|WR|TE|FLEX|K,3,36,9.34,1.116,750,750,449,261,417,91
3423,player,Robbie Chosen,WR,,32,3,10.3,3.43,0,,,,redraft,12,QB|RB|RB|WR|WR|TE|FLEX|K,3,36,11.39,1.084,745,745,334,102,418,164
6427,player,Ashton Dulin,WR,IND,28,12,20,1.67,0,,,,redraft,12,QB|RB|RB|WR|WR|TE|FLEX|K,3,36,11.39,1.084,725,725,453,279,419,165
11570,player,Rasheen Ali,RB,BAL,25,15,24.2,1.61,0,,,,redraft,12,QB|RB|RB|WR|WR|TE|FLEX|K,3,36,9.34,1.116,720,720,440,263,420,92
11599,player,Cade Stover,TE,HOU,25,9,19.9,2.21,0,,,,redraft,12,QB|RB|RB|WR|WR|TE|FLEX|K,2,24,8.52,0.827,717,717,512,358,421,62
3357,player,Brandon Allen,QB,NYG,33,1,1.9,1.9,0,,,,redraft,12,QB|RB|RB|WR|WR|TE|FLEX|K,1,12,18.22,0.934,711,711,498,329,422,61
8127,player,Charlie Kolar,TE,LAC,27,17,36.2,2.13,0,,,,redraft,12,QB|RB|RB|WR|WR|TE|FLEX|K,2,24,8.52,0.827,705,705,493,345,423,63
4351,player,Tim Patrick,WR,,32,16,51.7,3.23,0,,,,redraft,12,QB|RB|RB|WR|WR|TE|FLEX|K,3,36,11.39,1.084,701,701,314,96,424,166
1339,player,Zach Ertz,TE,,35,13,124.4,9.57,0,,,,redraft,12,QB|RB|RB|WR|WR|TE|FLEX|K,2,24,8.52,0.827,697,697,133,31,425,64
4098,player,Kareem Hunt,RB,,30,17,146.4,8.61,0,,,,redraft,12,QB|RB|RB|WR|WR|TE|FLEX|K,3,36,9.34,1.116,693,693,54,38,426,93
12670,player,KeAndre Lambert-Smith,WR,LAC,24,10,16.1,1.61,0,,,,redraft,12,QB|RB|RB|WR|WR|TE|FLEX|K,3,36,11.39,1.084,685,685,489,342,427,167
5374,player,Justin Watson,WR,HOU,30,3,6,2,0,,,,redraft,12,QB|RB|RB|WR|WR|TE|FLEX|K,3,36,11.39,1.084,683,683,413,213,428,168
6144,player,Trayveon Williams,RB,,28,7,17.1,2.44,0,,,,redraft,12,QB|RB|RB|WR|WR|TE|FLEX|K,3,36,9.34,1.116,676,676,305,96,429,94
11371,player,Julian Hill,TE,NE,25,14,29,2.07,0,,,,redraft,12,QB|RB|RB|WR|WR|TE|FLEX|K,2,24,8.52,0.827,671,671,479,336,430,65
8849,player,Tanner Conner,TE,NYG,28,9,18.1,2.01,0,,,,redraft,12,QB|RB|RB|WR|WR|TE|FLEX|K,2,24,8.52,0.827,665,665,465,293,431,66
8204,player,Bo Melton,WR,GB,26,16,24.2,1.51,0,,,,redraft,12,QB|RB|RB|WR|WR|TE|FLEX|K,3,36,11.39,1.084,656,656,459,321,432,169
8160,player,Kenny Pickett,QB,CAR,27,6,10.7,1.78,0,,,,redraft,12,QB|RB|RB|WR|WR|TE|FLEX|K,1,12,18.22,0.934,653,653,466,327,433,62
11895,player,Mason Tipton,WR,NO,25,14,20.4,1.46,0,,,,redraft,12,QB|RB|RB|WR|WR|TE|FLEX|K,3,36,11.39,1.084,634,634,444,311,434,170
4574,player,Cooper Rush,QB,,32,4,6.7,1.68,0,,,,redraft,12,QB|RB|RB|WR|WR|TE|FLEX|K,1,12,18.22,0.934,628,628,440,308,435,63
8139,player,Zamir White,RB,,26,6,9.6,1.6,0,,,,redraft,12,QB|RB|RB|WR|WR|TE|FLEX|K,3,36,9.34,1.116,625,625,374,217,436,95
8250,player,Tay Martin,WR,,27,3,4.3,1.43,0,,,,redraft,12,QB|RB|RB|WR|WR|TE|FLEX|K,3,36,11.39,1.084,621,621,435,272,437,171
11433,player,Nate Adkins,TE,DEN,26,9,16.8,1.87,0,,,,redraft,12,QB|RB|RB|WR|WR|TE|FLEX|K,2,24,8.52,0.827,619,619,433,303,438,67
12541,player,Dont'e Thornton,WR,LV,23,15,23.5,1.57,0,,,,redraft,12,QB|RB|RB|WR|WR|TE|FLEX|K,3,36,11.39,1.084,614,614,468,334,439,172
13276,player,Omar Cooper,WR,NYJ,22,0,0,0,691,110,44,268,redraft,12,QB|RB|RB|WR|WR|TE|FLEX|K,3,36,11.39,1.084,547,612,470,358,440,173
7716,player,John Bates,TE,WAS,28,15,27.3,1.82,0,,,,redraft,12,QB|RB|RB|WR|WR|TE|FLEX|K,2,24,8.52,0.827,602,602,421,265,441,68
10212,player,Josh Whyle,TE,GB,26,8,14.6,1.82,0,,,,redraft,12,QB|RB|RB|WR|WR|TE|FLEX|K,2,24,8.52,0.827,602,602,421,295,442,69
3269,player,Chris Moore,WR,,32,14,38.6,2.76,0,,,,redraft,12,QB|RB|RB|WR|WR|TE|FLEX|K,3,36,11.39,1.084,599,599,268,82,443,174
13150,player,Darius Cooper,WR,PHI,24,13,18.2,1.4,0,,,,redraft,12,QB|RB|RB|WR|WR|TE|FLEX|K,3,36,11.39,1.084,596,596,426,298,444,175
11921,player,Xavier Weaver,WR,ARI,25,10,13.7,1.37,0,,,,redraft,12,QB|RB|RB|WR|WR|TE|FLEX|K,3,36,11.39,1.084,595,595,417,292,445,176
1466,player,Travis Kelce,TE,KC,36,17,191.2,11.25,1046,88,9,15,redraft,12,QB|RB|RB|WR|WR|TE|FLEX|K,2,24,8.52,0.827,223,593,138,97,446,70
7842,player,Luke Farrell,TE,SF,28,17,30.5,1.79,0,,,,redraft,12,QB|RB|RB|WR|WR|TE|FLEX|K,2,24,8.52,0.827,592,592,414,261,447,71
11210,player,Malik Heath,WR,ATL,25,11,14.6,1.33,0,,,,redraft,12,QB|RB|RB|WR|WR|TE|FLEX|K,3,36,11.39,1.084,578,578,405,283,448,177
12718,player,Konata Mumpfield,WR,LAR,23,17,25.2,1.48,0,,,,redraft,12,QB|RB|RB|WR|WR|TE|FLEX|K,3,36,11.39,1.084,578,578,441,315,449,178
8235,player,Samori Toure,WR,,28,1,1.3,1.3,0,,,,redraft,12,QB|RB|RB|WR|WR|TE|FLEX|K,3,36,11.39,1.084,564,564,353,217,450,179
12048,player,George Holani,RB,SEA,26,11,15.8,1.44,0,,,,redraft,12,QB|RB|RB|WR|WR|TE|FLEX|K,3,36,9.34,1.116,562,562,336,195,451,96
6001,player,Drew Sample,TE,CIN,30,17,31.9,1.88,0,,,,redraft,12,QB|RB|RB|WR|WR|TE|FLEX|K,2,24,8.52,0.827,560,560,348,213,452,72
4137,player,James Conner,RB,ARI,30,3,33.3,11.1,142,164,57,-597,redraft,12,QB|RB|RB|WR|WR|TE|FLEX|K,3,36,9.34,1.116,893,555,43,30,453,97
7746,player,Austin Trammell,WR,JAX,27,6,7.6,1.27,0,,,,redraft,12,QB|RB|RB|WR|WR|TE|FLEX|K,3,36,11.39,1.084,551,551,386,241,454,180
11577,player,Will Shipley,RB,PHI,23,15,18.5,1.23,0,,,,redraft,12,QB|RB|RB|WR|WR|TE|FLEX|K,3,36,9.34,1.116,550,550,385,269,455,98
2374,player,Tyler Lockett,WR,,33,17,67.1,3.95,0,,,,redraft,12,QB|RB|RB|WR|WR|TE|FLEX|K,3,36,11.39,1.084,549,549,168,17,456,181
1426,player,DeAndre Hopkins,WR,,33,17,67,3.94,0,,,,redraft,12,QB|RB|RB|WR|WR|TE|FLEX|K,3,36,11.39,1.084,547,547,168,17,457,182
8500,player,John FitzPatrick,TE,,25,15,25.2,1.68,0,,,,redraft,12,QB|RB|RB|WR|WR|TE|FLEX|K,2,24,8.52,0.827,545,545,389,272,458,73
4995,player,Ian Thomas,TE,LV,29,15,24.4,1.63,0,,,,redraft,12,QB|RB|RB|WR|WR|TE|FLEX|K,2,24,8.52,0.827,540,540,340,212,459,74
6957,player,James Proche,WR,,29,9,12.5,1.39,0,,,,redraft,12,QB|RB|RB|WR|WR|TE|FLEX|K,3,36,11.39,1.084,539,539,332,201,460,183
11474,player,Dylan Drummond,WR,ATL,26,9,11.2,1.24,0,,,,redraft,12,QB|RB|RB|WR|WR|TE|FLEX|K,3,36,11.39,1.084,538,538,377,264,461,184
12544,player,LeQuint Allen,RB,JAX,21,17,24.8,1.46,0,,,,redraft,12,QB|RB|RB|WR|WR|TE|FLEX|K,3,36,9.34,1.116,535,535,448,320,462,99
8181,player,Connor Heyward,TE,LV,27,17,27.4,1.61,0,,,,redraft,12,QB|RB|RB|WR|WR|TE|FLEX|K,2,24,8.52,0.827,533,533,373,261,463,75
10871,player,Luke Schoonmaker,TE,DAL,27,17,27.2,1.6,0,,,,redraft,12,QB|RB|RB|WR|WR|TE|FLEX|K,2,24,8.52,0.827,530,530,371,260,464,76
4663,player,Austin Ekeler,RB,,30,2,13.1,6.55,0,,,,redraft,12,QB|RB|RB|WR|WR|TE|FLEX|K,3,36,9.34,1.116,527,527,41,29,465,100
10217,player,Clayton Tune,QB,,26,2,3,1.5,0,,,,redraft,12,QB|RB|RB|WR|WR|TE|FLEX|K,1,12,18.22,0.934,527,527,385,275,466,64
7496,player,Nick Westbrook-Ikhine,WR,IND,29,15,19.9,1.33,0,,,,redraft,12,QB|RB|RB|WR|WR|TE|FLEX|K,3,36,11.39,1.084,516,516,318,192,467,185
8089,player,Sal Cannella,TE,CLE,29,2,3.1,1.55,0,,,,redraft,12,QB|RB|RB|WR|WR|TE|FLEX|K,2,24,8.52,0.827,513,513,323,201,468,77
13288,player,Nicholas Singleton,RB,TEN,22,0,0,0,521,123,48,-44,redraft,12,QB|RB|RB|WR|WR|TE|FLEX|K,3,36,9.34,1.116,507,513,366,256,469,101
11034,player,Jalen Brooks,WR,ARI,25,6,7.1,1.18,0,,,,redraft,12,QB|RB|RB|WR|WR|TE|FLEX|K,3,36,11.39,1.084,512,512,358,251,470,186
6290,player,Scotty Miller,WR,,28,13,15.2,1.17,0,,,,redraft,12,QB|RB|RB|WR|WR|TE|FLEX|K,3,36,11.39,1.084,508,508,318,196,471,187
4435,player,Anthony Firkser,TE,,31,7,13.3,1.9,0,,,,redraft,12,QB|RB|RB|WR|WR|TE|FLEX|K,2,24,8.52,0.827,503,503,308,166,472,78
8177,player,Grant Calcaterra,TE,PHI,27,15,22.6,1.51,0,,,,redraft,12,QB|RB|RB|WR|WR|TE|FLEX|K,2,24,8.52,0.827,500,500,350,245,473,79
4199,player,Aaron Jones,RB,MIN,31,12,119.7,9.97,999,91,35,152,redraft,12,QB|RB|RB|WR|WR|TE|FLEX|K,3,36,9.34,1.116,89,499,349,245,474,102
6588,player,Tom Kennedy,WR,DET,29,6,7.6,1.27,0,,,,redraft,12,QB|RB|RB|WR|WR|TE|FLEX|K,3,36,11.39,1.084,493,493,304,184,475,188
12634,player,Jordan Watkins,WR,SF,24,4,4.6,1.15,0,,,,redraft,12,QB|RB|RB|WR|WR|TE|FLEX|K,3,36,11.39,1.084,489,489,349,244,476,189
11596,player,Ben Sinnott,TE,WAS,23,16,28.4,1.77,0,,,,redraft,12,QB|RB|RB|WR|WR|TE|FLEX|K,2,24,8.52,0.827,480,480,369,281,477,80
9220,player,Evan Hull,RB,,25,6,6.4,1.07,0,,,,redraft,12,QB|RB|RB|WR|WR|TE|FLEX|K,3,36,9.34,1.116,478,478,292,175,478,103
4988,player,Nick Chubb,RB,,30,15,88.3,5.89,0,,,,redraft,12,QB|RB|RB|WR|WR|TE|FLEX|K,3,36,9.34,1.116,474,474,37,26,479,104
12471,player,DJ Giddens,RB,IND,22,9,9.6,1.07,0,,,,redraft,12,QB|RB|RB|WR|WR|TE|FLEX|K,3,36,9.34,1.116,469,469,335,234,480,105
6938,player,Cam Akers,RB,,26,6,7.2,1.2,0,,,,redraft,12,QB|RB|RB|WR|WR|TE|FLEX|K,3,36,9.34,1.116,468,468,280,163,481,106
11593,player,Brevyn Spann-Ford,TE,DAL,26,17,24,1.41,0,,,,redraft,12,QB|RB|RB|WR|WR|TE|FLEX|K,2,24,8.52,0.827,467,467,327,229,482,81
7595,player,Tylan Wallace,WR,CLE,26,14,14.5,1.04,0,,,,redraft,12,QB|RB|RB|WR|WR|TE|FLEX|K,3,36,11.39,1.084,452,452,316,221,483,190
9497,player,Jalin Hyatt,WR,NYG,24,8,8.5,1.06,0,,,,redraft,12,QB|RB|RB|WR|WR|TE|FLEX|K,3,36,11.39,1.084,451,451,322,225,484,191
11994,player,Kameron Johnson,WR,TB,24,17,17.7,1.04,0,,,,redraft,12,QB|RB|RB|WR|WR|TE|FLEX|K,3,36,11.39,1.084,443,443,316,221,485,192
12775,player,Max Brosmer,QB,MIN,25,7,9.2,1.31,0,,,,redraft,12,QB|RB|RB|WR|WR|TE|FLEX|K,1,12,18.22,0.934,441,441,322,235,486,65
13101,player,Gage Larvadain,WR,CLE,24,13,13.4,1.03,0,,,,redraft,12,QB|RB|RB|WR|WR|TE|FLEX|K,3,36,11.39,1.084,438,438,313,219,487,193
7757,player,Ben Skowronek,WR,PIT,28,17,16.9,0.99,0,,,,redraft,12,QB|RB|RB|WR|WR|TE|FLEX|K,3,36,11.39,1.084,430,430,269,166,488,194
10220,player,Will Mallory,TE,IND,26,2,2.6,1.3,0,,,,redraft,12,QB|RB|RB|WR|WR|TE|FLEX|K,2,24,8.52,0.827,430,430,301,211,489,82
4147,player,Samaje Perine,RB,CIN,30,15,79.9,5.33,0,,,,redraft,12,QB|RB|RB|WR|WR|TE|FLEX|K,3,36,9.34,1.116,429,429,33,23,490,107
4054,player,Mo Alie-Cox,TE,IND,32,17,30.7,1.81,0,,,,redraft,12,QB|RB|RB|WR|WR|TE|FLEX|K,2,24,8.52,0.827,419,419,226,111,491,83
7536,player,Quintin Morris,TE,JAX,27,14,17.5,1.25,0,,,,redraft,12,QB|RB|RB|WR|WR|TE|FLEX|K,2,24,8.52,0.827,414,414,290,203,492,84
12765,player,Keleki Latu,TE,BUF,23,5,7.5,1.5,0,,,,redraft,12,QB|RB|RB|WR|WR|TE|FLEX|K,2,24,8.52,0.827,407,407,313,238,493,85
11821,player,Tahj Washington,WR,MIA,24,6,5.7,0.95,0,,,,redraft,12,QB|RB|RB|WR|WR|TE|FLEX|K,3,36,11.39,1.084,404,404,289,202,494,195
6828,player,AJ Dillon,RB,CAR,28,7,10.1,1.44,0,,,,redraft,12,QB|RB|RB|WR|WR|TE|FLEX|K,3,36,9.34,1.116,399,399,180,57,495,108
5133,player,Tyler Conklin,TE,DET,30,13,17.3,1.33,0,,,,redraft,12,QB|RB|RB|WR|WR|TE|FLEX|K,2,24,8.52,0.827,396,396,246,151,496,86
5985,player,Foster Moreau,TE,HOU,28,11,12.9,1.17,0,,,,redraft,12,QB|RB|RB|WR|WR|TE|FLEX|K,2,24,8.52,0.827,387,387,271,171,497,87
8249,player,Lucas Krull,TE,DEN,27,3,3.5,1.17,0,,,,redraft,12,QB|RB|RB|WR|WR|TE|FLEX|K,2,24,8.52,0.827,387,387,271,190,498,88
8253,player,Deven Thompkins,WR,ATL,26,7,6.2,0.89,0,,,,redraft,12,QB|RB|RB|WR|WR|TE|FLEX|K,3,36,11.39,1.084,386,386,270,189,499,196
8170,player,James Mitchell,TE,CAR,26,5,5.8,1.16,0,,,,redraft,12,QB|RB|RB|WR|WR|TE|FLEX|K,2,24,8.52,0.827,384,384,269,188,500,89
11421,player,Ryan Miller,WR,NYG,26,13,11.4,0.88,0,,,,redraft,12,QB|RB|RB|WR|WR|TE|FLEX|K,3,36,11.39,1.084,382,382,267,187,501,197
8168,player,Skyy Moore,WR,GB,25,17,14.8,0.87,0,,,,redraft,12,QB|RB|RB|WR|WR|TE|FLEX|K,3,36,11.39,1.084,378,378,265,185,502,198
13346,player,Denzel Boston,WR,CLE,22,0,0,0,422,129,49,-226,redraft,12,QB|RB|RB|WR|WR|TE|FLEX|K,3,36,11.39,1.084,334,374,287,219,503,199
7946,player,Jack Stoll,TE,CLE,28,15,16.6,1.11,0,,,,redraft,12,QB|RB|RB|WR|WR|TE|FLEX|K,2,24,8.52,0.827,367,367,257,162,504,90
11583,player,Jonathon Brooks,RB,CAR,22,17,0,0,371,133,51,94,redraft,12,QB|RB|RB|WR|WR|TE|FLEX|K,3,36,9.34,1.116,361,366,261,183,505,109
13330,player,Kenyon Sadiq,TE,NYJ,21,0,0,0,473,127,12,-96,redraft,12,QB|RB|RB|WR|WR|TE|FLEX|K,2,24,8.52,0.827,267,360,257,188,506,91
11716,player,Tip Reiman,TE,ARI,24,4,4.8,1.2,0,,,,redraft,12,QB|RB|RB|WR|WR|TE|FLEX|K,2,24,8.52,0.827,357,357,272,194,507,92
12539,player,Arian Smith,WR,NYJ,24,16,13.5,0.84,0,,,,redraft,12,QB|RB|RB|WR|WR|TE|FLEX|K,3,36,11.39,1.084,357,357,255,178,508,200
4219,player,Jeremy McNichols,RB,WAS,30,17,71.7,4.22,0,,,,redraft,12,QB|RB|RB|WR|WR|TE|FLEX|K,3,36,9.34,1.116,340,340,26,19,509,110
9229,player,Anthony Richardson,QB,IND,23,2,2.2,1.1,0,,,,redraft,12,QB|RB|RB|WR|WR|TE|FLEX|K,1,12,18.22,0.934,337,337,247,181,510,66
4314,player,Johnny Mundt,TE,PHI,31,16,20.1,1.26,0,,,,redraft,12,QB|RB|RB|WR|WR|TE|FLEX|K,2,24,8.52,0.827,334,334,205,110,511,93
8527,player,Dareke Young,WR,LV,26,9,6.8,0.76,0,,,,redraft,12,QB|RB|RB|WR|WR|TE|FLEX|K,3,36,11.39,1.084,330,330,231,162,512,201
13349,player,Eli Stowers,TE,PHI,23,0,0,0,416,131,14,188,redraft,12,QB|RB|RB|WR|WR|TE|FLEX|K,2,24,8.52,0.827,251,325,250,190,513,94
8123,player,Hassan Haskins,RB,,26,12,10,0.83,0,,,,redraft,12,QB|RB|RB|WR|WR|TE|FLEX|K,3,36,9.34,1.116,324,324,194,113,514,111
12374,player,Brenden Bates,TE,CLE,26,9,8.8,0.98,0,,,,redraft,12,QB|RB|RB|WR|WR|TE|FLEX|K,2,24,8.52,0.827,324,324,227,159,515,95
5113,player,Cedrick Wilson,WR,,30,10,9.4,0.94,0,,,,redraft,12,QB|RB|RB|WR|WR|TE|FLEX|K,3,36,11.39,1.084,321,321,194,100,516,202
13269,player,Fernando Mendoza,QB,LV,22,0,0,0,395,132,19,142,redraft,12,QB|RB|RB|WR|WR|TE|FLEX|K,1,12,18.22,0.934,257,319,234,171,517,67
12897,player,Nathan Carter,RB,ATL,23,7,5,0.71,0,,,,redraft,12,QB|RB|RB|WR|WR|TE|FLEX|K,3,36,9.34,1.116,317,317,222,155,518,112
7608,player,Khalil Herbert,RB,,27,7,6.6,0.94,0,,,,redraft,12,QB|RB|RB|WR|WR|TE|FLEX|K,3,36,9.34,1.116,314,314,183,82,519,113
7612,player,Dee Eskridge,WR,,28,13,9.2,0.71,0,,,,redraft,12,QB|RB|RB|WR|WR|TE|FLEX|K,3,36,11.39,1.084,308,308,193,119,520,203
7050,player,Josiah Deguara,TE,,29,12,11.1,0.92,0,,,,redraft,12,QB|RB|RB|WR|WR|TE|FLEX|K,2,24,8.52,0.827,305,305,192,120,521,96
13337,player,Emmett Johnson,RB,KC,22,0,0,0,303,139,52,-415,redraft,12,QB|RB|RB|WR|WR|TE|FLEX|K,3,36,9.34,1.116,295,299,214,150,522,114
7436,player,Mason Kinsey,WR,TEN,27,10,6.8,0.68,0,,,,redraft,12,QB|RB|RB|WR|WR|TE|FLEX|K,3,36,11.39,1.084,295,295,207,129,523,204
11256,player,Tyson Bagent,QB,CHI,25,3,2.6,0.87,0,,,,redraft,12,QB|RB|RB|WR|WR|TE|FLEX|K,1,12,18.22,0.934,293,293,214,156,524,68
8129,player,Dameon Pierce,RB,PHI,26,5,3.6,0.72,0,,,,redraft,12,QB|RB|RB|WR|WR|TE|FLEX|K,3,36,9.34,1.116,281,281,168,98,525,115
8489,player,Drew Ogletree,TE,IND,27,15,12.7,0.85,0,,,,redraft,12,QB|RB|RB|WR|WR|TE|FLEX|K,2,24,8.52,0.827,281,281,197,138,526,97
6803,player,Brandon Aiyuk,WR,SF,28,17,0,0,284,143,54,-166,redraft,12,QB|RB|RB|WR|WR|TE|FLEX|K,3,36,11.39,1.084,274,279,174,108,527,205
8041,player,Shane Zylstra,TE,,29,6,5,0.83,0,,,,redraft,12,QB|RB|RB|WR|WR|TE|FLEX|K,2,24,8.52,0.827,275,275,173,108,528,98
12531,player,Trevor Etienne,RB,CAR,21,17,12.7,0.75,0,,,,redraft,12,QB|RB|RB|WR|WR|TE|FLEX|K,3,36,9.34,1.116,275,275,230,164,529,116
8013,player,Tim Jones,WR,JAX,27,4,2.5,0.63,0,,,,redraft,12,QB|RB|RB|WR|WR|TE|FLEX|K,3,36,11.39,1.084,274,274,192,120,530,206
2152,player,Teddy Bridgewater,QB,DET,33,4,2.9,0.72,0,,,,redraft,12,QB|RB|RB|WR|WR|TE|FLEX|K,1,12,18.22,0.934,269,269,188,125,531,69
8583,player,Stone Smartt,TE,PHI,27,15,12.2,0.81,0,,,,redraft,12,QB|RB|RB|WR|WR|TE|FLEX|K,2,24,8.52,0.827,268,268,188,131,532,99
12504,player,Kaleb Johnson,RB,PIT,22,10,8.8,0.88,116,168,58,6,redraft,12,QB|RB|RB|WR|WR|TE|FLEX|K,3,36,9.34,1.116,386,265,189,133,533,117
11959,player,Bryce Oliver,WR,TEN,25,3,1.8,0.6,0,,,,redraft,12,QB|RB|RB|WR|WR|TE|FLEX|K,3,36,11.39,1.084,261,261,183,128,534,207
331,player,Philip Rivers,QB,,44,3,34.7,11.57,0,,,,redraft,12,QB|RB|RB|WR|WR|TE|FLEX|K,1,12,18.22,0.934,260,260,61,42,535,70
8414,player,Britain Covey,WR,PHI,29,6,4,0.67,0,,,,redraft,12,QB|RB|RB|WR|WR|TE|FLEX|K,3,36,11.39,1.084,260,260,160,97,536,208
13405,player,Kaytron Allen,RB,WAS,23,0,0,0,261,148,53,148,redraft,12,QB|RB|RB|WR|WR|TE|FLEX|K,3,36,9.34,1.116,259,260,182,127,537,118
10225,player,Jonathan Mingo,WR,DAL,25,6,3.5,0.58,0,,,,redraft,12,QB|RB|RB|WR|WR|TE|FLEX|K,3,36,11.39,1.084,252,252,176,123,538,209
12357,player,David Martin-Robinson,TE,TEN,26,17,13,0.76,0,,,,redraft,12,QB|RB|RB|WR|WR|TE|FLEX|K,2,24,8.52,0.827,252,252,176,123,539,100
7075,player,Charlie Woerner,TE,ATL,28,17,12.8,0.75,0,,,,redraft,12,QB|RB|RB|WR|WR|TE|FLEX|K,2,24,8.52,0.827,248,248,174,109,540,101
6323,player,Andrew Beck,RB,NYJ,29,17,23,1.35,0,,,,redraft,12,QB|RB|RB|WR|WR|TE|FLEX|K,3,36,9.34,1.116,241,241,76,6,541,119
4381,player,Taysom Hill,TE,,35,13,42.8,3.29,0,,,,redraft,12,QB|RB|RB|WR|WR|TE|FLEX|K,2,24,8.52,0.827,240,240,46,11,542,102
7233,player,Andre Baccellia,WR,ARI,29,5,2.8,0.56,0,,,,redraft,12,QB|RB|RB|WR|WR|TE|FLEX|K,3,36,11.39,1.084,217,217,134,81,543,210
7602,player,Kylen Granson,TE,TEN,28,17,11,0.65,0,,,,redraft,12,QB|RB|RB|WR|WR|TE|FLEX|K,2,24,8.52,0.827,215,215,151,95,544,103
8207,player,Tyler Goodson,RB,ATL,25,11,5.2,0.47,0,,,,redraft,12,QB|RB|RB|WR|WR|TE|FLEX|K,3,36,9.34,1.116,210,210,128,77,545,120
12171,player,British Brooks,RB,HOU,26,15,7.8,0.52,0,,,,redraft,12,QB|RB|RB|WR|WR|TE|FLEX|K,3,36,9.34,1.116,203,203,121,71,546,121
4274,player,David Moore,WR,CAR,31,4,2.7,0.68,0,,,,redraft,12,QB|RB|RB|WR|WR|TE|FLEX|K,3,36,11.39,1.084,201,201,103,46,547,211
4179,player,Joshua Dobbs,QB,,31,4,2.1,0.53,0,,,,redraft,12,QB|RB|RB|WR|WR|TE|FLEX|K,1,12,18.22,0.934,198,198,139,97,548,71
12889,player,Beaux Collins,WR,NYG,23,9,4.5,0.5,0,,,,redraft,12,QB|RB|RB|WR|WR|TE|FLEX|K,3,36,11.39,1.084,195,195,149,106,549,212
11820,player,Devin Culp,TE,TB,26,13,7.6,0.58,0,,,,redraft,12,QB|RB|RB|WR|WR|TE|FLEX|K,2,24,8.52,0.827,192,192,134,94,550,104
12062,player,Cam Grandy,TE,CIN,26,5,2.7,0.54,0,,,,redraft,12,QB|RB|RB|WR|WR|TE|FLEX|K,2,24,8.52,0.827,179,179,125,88,551,105
12543,player,Tahj Brooks,RB,CIN,23,16,6.4,0.4,0,,,,redraft,12,QB|RB|RB|WR|WR|TE|FLEX|K,3,36,9.34,1.116,179,179,125,88,552,122
12928,player,Amar Johnson,RB,LAC,23,2,0.8,0.4,0,,,,redraft,12,QB|RB|RB|WR|WR|TE|FLEX|K,3,36,9.34,1.116,179,179,125,88,553,123
11082,player,Ben Sims,TE,MIA,25,11,6,0.55,0,,,,redraft,12,QB|RB|RB|WR|WR|TE|FLEX|K,2,24,8.52,0.827,178,178,127,89,554,106
13210,player,Drake Dabney,TE,GB,23,2,1.3,0.65,0,,,,redraft,12,QB|RB|RB|WR|WR|TE|FLEX|K,2,24,8.52,0.827,176,176,135,103,555,107
8223,player,Velus Jones,WR,SEA,28,8,3.2,0.4,0,,,,redraft,12,QB|RB|RB|WR|WR|TE|FLEX|K,3,36,11.39,1.084,174,174,109,67,556,213
13305,player,Mike Washington,RB,LV,22,0,0,0,177,157,55,-560,redraft,12,QB|RB|RB|WR|WR|TE|FLEX|K,3,36,9.34,1.116,172,174,124,87,557,124
4189,player,Eric Saubert,TE,SEA,31,11,7.1,0.65,0,,,,redraft,12,QB|RB|RB|WR|WR|TE|FLEX|K,2,24,8.52,0.827,172,172,105,57,558,108
5980,player,Myles Gaskin,RB,,28,1,0.6,0.6,0,,,,redraft,12,QB|RB|RB|WR|WR|TE|FLEX|K,3,36,9.34,1.116,166,166,75,24,559,125
12787,player,Josh Williams,RB,TB,24,3,1.1,0.37,0,,,,redraft,12,QB|RB|RB|WR|WR|TE|FLEX|K,3,36,9.34,1.116,165,165,115,71,560,126
10867,player,Jake Bobo,WR,SEA,27,11,4,0.36,0,,,,redraft,12,QB|RB|RB|WR|WR|TE|FLEX|K,3,36,11.39,1.084,156,156,109,68,561,214
8799,player,Zaire Mitchell-Paden,TE,NO,26,8,3.7,0.46,0,,,,redraft,12,QB|RB|RB|WR|WR|TE|FLEX|K,2,24,8.52,0.827,152,152,106,74,562,109
5773,player,KhaDarel Hodge,WR,,31,12,6.1,0.51,0,,,,redraft,12,QB|RB|RB|WR|WR|TE|FLEX|K,3,36,11.39,1.084,151,151,78,35,563,215
13311,player,Chris Bell,WR,MIA,21,0,0,0,168,159,62,106,redraft,12,QB|RB|RB|WR|WR|TE|FLEX|K,3,36,11.39,1.084,126,145,107,82,564,216
5154,player,Trent Sherfield,WR,BUF,30,12,5.1,0.42,0,,,,redraft,12,QB|RB|RB|WR|WR|TE|FLEX|K,3,36,11.39,1.084,143,143,87,45,565,217
8195,player,Ronnie Rivers,RB,LAR,27,11,4.6,0.42,0,,,,redraft,12,QB|RB|RB|WR|WR|TE|FLEX|K,3,36,9.34,1.116,140,140,81,37,566,127
12480,player,Moliki Matavao,TE,NO,23,6,3,0.5,0,,,,redraft,12,QB|RB|RB|WR|WR|TE|FLEX|K,2,24,8.52,0.827,136,136,104,80,567,110
12505,player,Jalen Royals,WR,KC,23,7,2.4,0.34,0,,,,redraft,12,QB|RB|RB|WR|WR|TE|FLEX|K,3,36,11.39,1.084,133,133,101,72,568,218
11320,player,Nikko Remigio,WR,KC,26,14,4.2,0.3,0,,,,redraft,12,QB|RB|RB|WR|WR|TE|FLEX|K,3,36,11.39,1.084,130,130,91,64,569,219
8885,player,Tucker Fisk,TE,,27,10,3.9,0.39,0,,,,redraft,12,QB|RB|RB|WR|WR|TE|FLEX|K,2,24,8.52,0.827,129,129,90,63,570,111
12496,player,Tai Felton,WR,MIN,23,17,5.5,0.32,0,,,,redraft,12,QB|RB|RB|WR|WR|TE|FLEX|K,3,36,11.39,1.084,125,125,95,68,571,220
7538,player,Zach Wilson,QB,NO,26,4,1.4,0.35,0,,,,redraft,12,QB|RB|RB|WR|WR|TE|FLEX|K,1,12,18.22,0.934,123,123,90,64,572,72
13274,player,Germie Bernard,WR,PIT,22,0,0,0,137,165,64,95,redraft,12,QB|RB|RB|WR|WR|TE|FLEX|K,3,36,11.39,1.084,108,121,93,71,573,221
6847,player,Devin Duvernay,WR,ARI,28,17,4.6,0.27,0,,,,redraft,12,QB|RB|RB|WR|WR|TE|FLEX|K,3,36,11.39,1.084,117,117,73,45,574,222
6931,player,DeeJay Dallas,RB,JAX,27,6,2.1,0.35,0,,,,redraft,12,QB|RB|RB|WR|WR|TE|FLEX|K,3,36,9.34,1.116,117,117,68,31,575,128
8219,player,Jelani Woods,TE,NYJ,27,4,1.4,0.35,0,,,,redraft,12,QB|RB|RB|WR|WR|TE|FLEX|K,2,24,8.52,0.827,116,116,81,57,576,112
7720,player,Kene Nwangwu,RB,NYJ,28,12,4.9,0.41,0,,,,redraft,12,QB|RB|RB|WR|WR|TE|FLEX|K,3,36,9.34,1.116,114,114,51,16,577,129
5008,player,Durham Smythe,TE,BAL,30,17,6.5,0.38,0,,,,redraft,12,QB|RB|RB|WR|WR|TE|FLEX|K,2,24,8.52,0.827,113,113,70,43,578,113
11574,player,Dylan Laube,RB,LV,26,17,4.7,0.28,0,,,,redraft,12,QB|RB|RB|WR|WR|TE|FLEX|K,3,36,9.34,1.116,109,109,65,38,579,130
8254,player,Julius Chestnut,RB,TEN,25,17,4,0.24,0,,,,redraft,12,QB|RB|RB|WR|WR|TE|FLEX|K,3,36,9.34,1.116,107,107,65,39,580,131
10235,player,Roschon Johnson,RB,CHI,25,7,1.7,0.24,0,,,,redraft,12,QB|RB|RB|WR|WR|TE|FLEX|K,3,36,9.34,1.116,107,107,65,39,581,132
6386,player,Alex Bachman,WR,,29,12,3.2,0.27,0,,,,redraft,12,QB|RB|RB|WR|WR|TE|FLEX|K,3,36,11.39,1.084,105,105,65,39,582,223
11762,player,Anthony Gould,WR,IND,25,11,2.6,0.24,0,,,,redraft,12,QB|RB|RB|WR|WR|TE|FLEX|K,3,36,11.39,1.084,104,104,73,51,583,224
13417,player,De'Zhaun Stribling,WR,SF,23,0,0,0,112,171,66,112,redraft,12,QB|RB|RB|WR|WR|TE|FLEX|K,3,36,11.39,1.084,97,104,79,57,584,225
10234,player,Derius Davis,WR,LAC,25,11,2.5,0.23,0,,,,redraft,12,QB|RB|RB|WR|WR|TE|FLEX|K,3,36,11.39,1.084,100,100,70,49,585,226
11595,player,Jared Wiley,TE,KC,25,5,1.4,0.28,0,,,,redraft,12,QB|RB|RB|WR|WR|TE|FLEX|K,2,24,8.52,0.827,91,91,65,45,586,114
11649,player,Kendall Milton,RB,CIN,24,1,0.2,0.2,0,,,,redraft,12,QB|RB|RB|WR|WR|TE|FLEX|K,3,36,9.34,1.116,89,89,62,38,587,133
11942,player,Colson Yankoff,TE,WAS,26,14,3.8,0.27,0,,,,redraft,12,QB|RB|RB|WR|WR|TE|FLEX|K,2,24,8.52,0.827,89,89,62,44,588,115
13301,player,Antonio Williams,WR,WAS,21,0,0,0,101,173,67,101,redraft,12,QB|RB|RB|WR|WR|TE|FLEX|K,3,36,11.39,1.084,76,87,64,49,589,227
13121,player,Ben Yurosek,TE,MIN,24,12,3.4,0.28,0,,,,redraft,12,QB|RB|RB|WR|WR|TE|FLEX|K,2,24,8.52,0.827,83,83,63,45,590,116
4443,player,Pharaoh Brown,TE,,31,7,2.1,0.3,0,,,,redraft,12,QB|RB|RB|WR|WR|TE|FLEX|K,2,24,8.52,0.827,79,79,48,26,591,117
7204,player,Reggie Gilliam,RB,NE,28,17,4.8,0.28,0,,,,redraft,12,QB|RB|RB|WR|WR|TE|FLEX|K,3,36,9.34,1.116,78,78,35,11,592,134
6850,player,Harrison Bryant,TE,SEA,28,12,2.7,0.23,0,,,,redraft,12,QB|RB|RB|WR|WR|TE|FLEX|K,2,24,8.52,0.827,76,76,53,34,593,118
5285,player,Ross Dwelley,TE,,30,11,2.7,0.25,0,,,,redraft,12,QB|RB|RB|WR|WR|TE|FLEX|K,2,24,8.52,0.827,74,74,46,28,594,119
13414,player,Kaelon Black,RB,SF,24,0,0,0,70,180,63,70,redraft,12,QB|RB|RB|WR|WR|TE|FLEX|K,3,36,9.34,1.116,70,70,49,30,595,135
11384,player,Owen Wright,RB,TB,27,3,0.6,0.2,0,,,,redraft,12,QB|RB|RB|WR|WR|TE|FLEX|K,3,36,9.34,1.116,67,67,39,18,596,136
6011,player,Gardner Minshew,QB,ARI,29,4,0.7,0.17,0,,,,redraft,12,QB|RB|RB|WR|WR|TE|FLEX|K,1,12,18.22,0.934,64,64,45,31,597,73
12971,player,Ke'Shawn Williams,WR,CIN,24,11,1.5,0.14,0,,,,redraft,12,QB|RB|RB|WR|WR|TE|FLEX|K,3,36,11.39,1.084,60,60,43,30,598,228
13268,player,Elijah Sarratt,WR,BAL,22,0,0,0,64,182,71,-68,redraft,12,QB|RB|RB|WR|WR|TE|FLEX|K,3,36,11.39,1.084,51,57,44,33,599,229
6694,player,D'Ernest Johnson,RB,,29,8,2.5,0.31,0,,,,redraft,12,QB|RB|RB|WR|WR|TE|FLEX|K,3,36,9.34,1.116,55,55,17,1,600,137
11201,player,Blake Whiteheart,TE,CLE,26,17,2.4,0.14,0,,,,redraft,12,QB|RB|RB|WR|WR|TE|FLEX|K,2,24,8.52,0.827,46,46,32,23,601,120
10860,player,Malik Cunningham,WR,DET,27,1,0.1,0.1,0,,,,redraft,12,QB|RB|RB|WR|WR|TE|FLEX|K,3,36,11.39,1.084,43,43,30,19,602,230
13402,player,Skyler Bell,WR,BUF,23,0,0,0,46,185,72,46,redraft,12,QB|RB|RB|WR|WR|TE|FLEX|K,3,36,11.39,1.084,40,43,33,23,603,231
13347,player,Demond Claiborne,RB,MIN,22,0,0,0,42,188,65,-115,redraft,12,QB|RB|RB|WR|WR|TE|FLEX|K,3,36,9.34,1.116,41,41,29,20,604,138
10227,player,Payne Durham,TE,TB,25,17,2.1,0.12,0,,,,redraft,12,QB|RB|RB|WR|WR|TE|FLEX|K,2,24,8.52,0.827,39,39,28,20,605,121
11306,player,Xavier Gipson,WR,NYG,25,7,0.6,0.09,0,,,,redraft,12,QB|RB|RB|WR|WR|TE|FLEX|K,3,36,11.39,1.084,39,39,27,19,606,232
12516,player,Kalel Mullings,RB,TEN,23,9,0.7,0.08,0,,,,redraft,12,QB|RB|RB|WR|WR|TE|FLEX|K,3,36,9.34,1.116,36,36,25,18,607,139
13353,player,Chris Brazzell,WR,CAR,22,0,0,0,40,189,74,-56,redraft,12,QB|RB|RB|WR|WR|TE|FLEX|K,3,36,11.39,1.084,32,36,28,21,608,233
13285,player,Malachi Fields,WR,NYG,22,0,0,0,36,190,75,13,redraft,12,QB|RB|RB|WR|WR|TE|FLEX|K,3,36,11.39,1.084,28,32,25,19,609,234
11237,player,Jacob Saylors,RB,DET,25,16,1.1,0.07,0,,,,redraft,12,QB|RB|RB|WR|WR|TE|FLEX|K,3,36,9.34,1.116,31,31,19,11,610,140
13122,player,Carter Runyon,TE,LV,24,13,1.3,0.1,0,,,,redraft,12,QB|RB|RB|WR|WR|TE|FLEX|K,2,24,8.52,0.827,30,30,23,16,611,122
2359,player,Ameer Abdullah,RB,,32,13,36.9,2.84,0,,,,redraft,12,QB|RB|RB|WR|WR|TE|FLEX|K,3,36,9.34,1.116,25,25,18,12,612,141
13320,player,Zachariah Branch,WR,ATL,22,0,0,0,28,191,76,-33,redraft,12,QB|RB|RB|WR|WR|TE|FLEX|K,3,36,11.39,1.084,22,25,19,15,613,235
9502,player,Tank Dell,WR,HOU,26,17,0,0,25,193,77,-26,redraft,12,QB|RB|RB|WR|WR|TE|FLEX|K,3,36,11.39,1.084,24,24,17,12,614,236
2749,player,Raheem Mostert,RB,,33,12,29.4,2.45,0,,,,redraft,12,QB|RB|RB|WR|WR|TE|FLEX|K,3,36,9.34,1.116,22,22,15,11,615,142
1689,player,Adam Thielen,WR,,35,16,37.6,2.35,0,,,,redraft,12,QB|RB|RB|WR|WR|TE|FLEX|K,3,36,11.39,1.084,20,20,14,10,616,237
12045,player,Jack Westover,TE,NE,26,17,1,0.06,0,,,,redraft,12,QB|RB|RB|WR|WR|TE|FLEX|K,2,24,8.52,0.827,20,20,14,10,617,123
11729,player,Sione Vaki,RB,DET,24,11,0.4,0.04,0,,,,redraft,12,QB|RB|RB|WR|WR|TE|FLEX|K,3,36,9.34,1.116,18,18,13,8,618,143
4602,player,Robert Tonyan,TE,,31,17,1.1,0.06,0,,,,redraft,12,QB|RB|RB|WR|WR|TE|FLEX|K,2,24,8.52,0.827,16,16,10,5,619,124
13275,player,Ty Simpson,QB,LAR,23,0,0,0,17,196,28,17,redraft,12,QB|RB|RB|WR|WR|TE|FLEX|K,1,12,18.22,0.934,12,14,10,8,620,74
3048,player,Chris Manhertz,TE,NYG,34,17,1.7,0.1,0,,,,redraft,12,QB|RB|RB|WR|WR|TE|FLEX|K,2,24,8.52,0.827,13,13,5,1,621,125
4718,player,Dare Ogunbowale,RB,,31,17,25.1,1.48,0,,,,redraft,12,QB|RB|RB|WR|WR|TE|FLEX|K,3,36,9.34,1.116,13,13,9,6,622,144
6659,player,Craig Reynolds,RB,,29,7,0.4,0.06,0,,,,redraft,12,QB|RB|RB|WR|WR|TE|FLEX|K,3,36,9.34,1.116,11,11,3,0,623,145
5854,player,Drew Lock,QB,SEA,29,5,0.1,0.02,0,,,,redraft,12,QB|RB|RB|WR|WR|TE|FLEX|K,1,12,18.22,0.934,7,7,5,3,624,75
7531,player,Feleipe Franks,TE,CAR,28,17,0.4,0.02,0,,,,redraft,12,QB|RB|RB|WR|WR|TE|FLEX|K,2,24,8.52,0.827,7,7,5,3,625,126
