pid,name,pos,age,fc_value,dhq_base,dhq_fix6,delta,pct,devBase_pct,devAfter_pct
421,Matthew Stafford,QB,38,2712,4933,3177,-1756,-35.6,128,47
8150,Kyren Williams,RB,25,3352,5140,3532,-1608,-31.3,92,32
3163,Jared Goff,QB,31,3172,4828,3327,-1501,-31.1,90,31
11632,Malik Nabers,WR,22,6797,2617,3948,1331,50.9,-52,-27
9226,De'Von Achane,RB,24,5984,7122,5891,-1231,-17.3,49,23
5870,Daniel Jones,QB,29,2575,3915,2699,-1216,-31.1,90,31
8183,Brock Purdy,QB,26,4494,5619,4408,-1211,-21.6,56,23
6790,D'Andre Swift,RB,27,2150,3320,2275,-1045,-31.5,93,32
7523,Trevor Lawrence,QB,26,5118,6064,5023,-1041,-17.2,48,23
6768,Tua Tagovailoa,QB,28,1674,2971,1930,-1041,-35,122,44
3294,Dak Prescott,QB,32,4193,5134,4110,-1024,-19.9,53,23
9229,Anthony Richardson,QB,24,952,2317,1356,-961,-41.5,204,78
7591,Justin Fields,QB,27,855,2165,1253,-912,-42.1,217,83
6904,Jalen Hurts,QB,27,5673,6489,5579,-910,-14,43,23
11562,Spencer Rattler,QB,25,101,1594,698,-896,-56.2,1868,762
12522,Cam Ward,QB,24,4073,1406,2298,892,63.4,-57,-29
12540,Chimere Dike,WR,24,809,2010,1169,-841,-41.8,211,81
9228,Bryce Young,QB,24,2737,3509,2673,-836,-23.8,60,22
9494,Marvin Mims,WR,24,499,1746,930,-816,-46.7,338,133
9758,C.J. Stroud,QB,24,3397,4127,3332,-795,-19.3,52,23
11604,Brock Bowers,TE,23,7655,3521,4310,789,22.4,-42,-30
4892,Baker Mayfield,QB,31,3316,4036,3257,-779,-19.3,52,23
9753,Zach Charbonnet,RB,25,1803,2582,1824,-758,-29.4,79,27
8228,Jaylen Warren,RB,27,1707,2493,1747,-746,-29.9,83,28
6813,Jonathan Taylor,RB,27,5271,5910,5184,-726,-12.3,40,23
4046,Patrick Mahomes,QB,30,5626,6232,5509,-723,-11.6,39,23
5850,Josh Jacobs,RB,28,2796,3455,2740,-715,-20.7,55,23
9999,Will Levis,QB,26,154,1327,612,-715,-53.9,979,398
8126,Wan'Dale Robinson,WR,25,1955,2615,1902,-713,-27.3,67,22
11566,Jayden Daniels,QB,25,7137,3317,4018,701,21.1,-42,-30
5848,Marquise Brown,WR,28,300,1378,694,-684,-49.6,474,189
8676,Rashid Shaheed,WR,27,1270,2060,1385,-675,-32.8,103,36
8917,KaVontae Turpin,WR,29,120,1204,546,-658,-54.7,1154,469
11655,Tyrone Tracy,RB,26,1334,2054,1409,-645,-31.4,93,32
11583,Jonathon Brooks,RB,22,1803,235,858,623,265.1,-84,-40
7527,Mac Jones,QB,27,1025,1793,1171,-622,-34.7,119,43
7611,Rhamondre Stevenson,RB,28,1664,2240,1625,-615,-27.5,68,22
13287,Jeremiyah Love,RB,21,6618,4964,4355,-609,-12.3,-6,-18
12498,Mason Taylor,TE,22,816,1586,998,-588,-37.1,143,53
12489,RJ Harvey,RB,25,1915,2450,1868,-582,-23.8,60,22
6826,Cole Kmet,TE,27,268,1175,597,-578,-49.2,449,179
10213,Tre Tucker,WR,25,850,1589,1013,-576,-36.2,134,49
6130,Devin Singletary,RB,28,103,1054,478,-576,-54.6,1185,483
7600,Pat Freiermuth,TE,27,746,1472,921,-551,-37.4,147,55
5022,Dallas Goedert,TE,31,1319,1868,1326,-542,-29,77,26
5001,Dalton Schultz,TE,29,918,1580,1038,-542,-34.3,115,41
5045,Courtland Sutton,WR,30,1782,2278,1737,-541,-23.7,60,22
12517,Colston Loveland,TE,22,5216,2401,2938,537,22.4,-42,-30
11597,Theo Johnson,TE,25,564,1298,773,-525,-40.4,188,71
7588,Javonte Williams,RB,26,3069,3549,3026,-523,-14.7,45,23
4943,Sam Darnold,QB,28,2951,3425,2902,-523,-15.3,45,23
9502,Tank Dell,WR,26,1091,1661,1145,-516,-31.1,90,31
5906,Dawson Knox,TE,29,141,976,461,-515,-52.8,764,308
11584,Bucky Irving,RB,23,3202,3663,3149,-514,-14,43,23
5857,Noah Fant,TE,28,67,913,404,-509,-55.8,1591,648
9754,Quentin Johnston,WR,24,1855,2307,1813,-494,-21.4,56,22
11650,Luke McCaffrey,WR,25,92,899,409,-490,-54.5,1115,453
11563,Bo Nix,QB,26,5059,5424,4939,-485,-8.9,34,22
7049,Jauan Jennings,WR,28,1211,1687,1206,-481,-28.5,74,25
2307,Marcus Mariota,QB,32,309,1025,553,-472,-46,315,124
8111,Cade Otton,TE,27,1008,1517,1050,-467,-30.8,88,30
11627,Troy Franklin,WR,23,951,1457,1002,-455,-31.2,92,32
3271,Tyler Higbee,TE,33,80,806,365,-441,-54.7,1159,470
8143,Jerome Ford,RB,26,102,809,376,-433,-53.5,887,359
13345,Jonah Coleman,RB,22,2115,2018,1590,-428,-21.2,19,-6
12501,Matthew Golden,WR,22,2025,731,1156,425,58.1,-55,-29
12499,Elic Ayomanor,WR,23,948,1395,974,-421,-30.2,84,28
5970,Greg Dortch,WR,28,41,740,322,-418,-56.5,2142,876
6149,Darius Slayton,WR,29,149,805,394,-411,-51.1,576,231
4993,Mike Gesicki,TE,30,326,927,519,-408,-44,255,99
3198,Derrick Henry,RB,32,2729,1180,1583,403,34.2,-46,-27
4039,Cooper Kupp,WR,32,549,1069,672,-397,-37.1,144,53
2306,Jameis Winston,QB,32,344,916,522,-394,-43,233,90
12504,Kaleb Johnson,RB,22,1179,182,573,391,214.8,-81,-39
13275,Ty Simpson,QB,23,2547,2013,1629,-384,-19.1,-1,-20
8188,Tyquan Thornton,WR,25,173,768,389,-379,-49.3,457,182
11579,Audric Estime,RB,22,98,715,336,-379,-53,817,331
8121,Romeo Doubs,WR,26,1651,1996,1624,-372,-18.6,51,23
11647,Kimani Vidal,RB,24,779,1183,816,-367,-31,90,31
6865,Colby Parkinson,TE,27,550,1016,651,-365,-35.9,131,48
3257,Jacoby Brissett,QB,33,1553,1889,1525,-364,-19.3,52,23
9501,DeMario Douglas,WR,25,310,838,476,-362,-43.2,238,92
3214,Hunter Henry,TE,31,1276,1613,1252,-361,-22.4,58,23
5846,DK Metcalf,WR,28,2127,2453,2093,-360,-14.7,44,23
8155,Breece Hall,RB,25,4009,4261,3903,-358,-8.4,33,22
9757,Kendre Miller,RB,23,202,752,395,-357,-47.5,367,145
6794,Justin Jefferson,WR,26,7019,3526,3882,356,10.1,-37,-31
7607,Michael Carter,RB,27,81,660,306,-354,-53.6,915,371
4066,Evan Engram,TE,31,665,1075,723,-352,-32.7,102,36
5947,Jakobi Meyers,WR,29,1631,1956,1605,-351,-17.9,50,23
7585,Davis Mills,QB,27,121,680,331,-349,-51.3,601,241
12474,Woody Marks,RB,25,1316,1634,1293,-341,-20.9,55,23
6819,Michael Pittman,WR,28,1813,2126,1786,-340,-16,47,23
10226,Andrei Iosivas,WR,26,175,704,364,-340,-48.3,403,160
6039,Ty Johnson,RB,28,52,606,271,-335,-55.3,1343,545
6804,Jordan Love,QB,27,3981,4208,3874,-334,-7.9,32,22
8125,Calvin Austin,WR,27,189,703,369,-334,-47.5,366,144
12486,Dillon Gabriel,QB,25,91,632,298,-334,-52.8,766,308
9500,Josh Downs,WR,24,1945,2236,1910,-326,-14.6,44,23
7543,Travis Etienne,RB,27,2780,3036,2718,-318,-10.5,37,22
12485,Tez Johnson,WR,24,383,797,490,-307,-38.5,160,60
12518,Tyler Warren,TE,24,4668,2291,2590,299,13.1,-39,-31
11610,Malik Washington,WR,25,1104,1377,1081,-296,-21.5,56,23
9482,Michael Mayer,TE,24,659,975,680,-295,-30.3,85,29
7021,Rico Dowdle,RB,27,1660,1925,1632,-293,-15.2,45,23
12483,Jack Bech,WR,23,1165,346,634,288,83.2,-63,-32
11626,Xavier Legette,WR,25,521,853,571,-282,-33.1,105,37
13421,Eli Raridon,TE,22,1026,1080,800,-280,-25.9,32,-2
4950,Christian Kirk,WR,29,417,773,494,-279,-36.1,132,48
7083,Tyler Huntley,QB,28,100,547,268,-279,-51,584,235
4147,Samaje Perine,RB,30,8,480,201,-279,-58.1,7900,3250
11834,Devaughn Vele,WR,28,168,588,313,-275,-46.8,339,134
13401,Michael Trigg,TE,23,760,808,538,-270,-33.4,33,-11
13272,Carson Beck,QB,23,1620,1624,1355,-269,-16.6,25,5
11576,Braelon Allen,RB,22,1212,412,681,269,65.3,-57,-30
12476,Devin Neal,RB,22,432,766,498,-268,-35,122,44
12511,Will Howard,QB,24,368,632,365,-267,-42.2,115,24
13289,Drew Allar,QB,22,1201,1232,968,-264,-21.4,28,1
13276,Omar Cooper,WR,22,2507,2012,1751,-261,-13,0,-13
13278,Max Klare,TE,22,1348,1340,1083,-257,-19.2,24,1
8225,Daniel Bellinger,TE,25,35,462,205,-257,-55.6,1550,632
7571,Rashod Bateman,WR,26,404,724,469,-255,-35.2,124,45
11783,Ryan Flournoy,WR,26,420,733,479,-254,-34.7,118,43
5995,Justice Hill,RB,28,193,566,315,-251,-44.3,268,105
7002,Juwan Johnson,TE,29,1264,1497,1247,-250,-16.7,48,23
12497,Tory Horton,WR,23,1054,1286,1037,-249,-19.4,53,23
13319,Oscar Delp,TE,22,1069,1083,838,-245,-22.6,27,-2
7594,Chuba Hubbard,RB,26,1980,2180,1939,-241,-11.1,38,22
12509,Tre' Harris,WR,24,1248,495,731,236,47.7,-50,-27
5892,David Montgomery,RB,28,2028,2218,1985,-233,-10.5,37,22
13269,Fernando Mendoza,QB,22,4208,3871,3639,-232,-6,15,8
6783,Jerry Jeudy,WR,27,1251,1462,1230,-232,-15.9,46,23
11575,Ray Davis,RB,26,595,821,589,-232,-28.3,72,24
13286,Jadarian Price,RB,22,3504,2975,2747,-228,-7.7,6,-2
13400,Justin Joly,TE,21,968,925,703,-222,-24,20,-9
13311,Chris Bell,WR,21,1930,1488,1267,-221,-14.9,-4,-18
9756,Jordan Addison,WR,24,2321,2481,2261,-220,-8.9,34,22
5967,Tony Pollard,RB,29,1607,1795,1576,-219,-12.2,40,23
8210,Chig Okonkwo,TE,26,1596,1781,1564,-217,-12.2,40,23
8136,Rachaad White,RB,27,1506,1697,1480,-217,-12.8,41,23
12510,Jalen Milroe,QB,23,722,699,485,-214,-30.6,21,-16
1373,Geno Smith,QB,35,1562,1746,1533,-213,-12.2,40,23
4981,Calvin Ridley,WR,31,581,778,566,-212,-27.2,68,22
11637,Keon Coleman,WR,23,1241,1429,1220,-209,-14.6,44,23
13298,KC Concepcion,WR,21,2984,2076,1870,-206,-9.9,-13,-22
11565,J.J. McCarthy,QB,23,1497,1674,1469,-205,-12.2,40,23
13404,Garrett Nussmeier,QB,24,863,852,649,-203,-23.8,23,-6
13303,Cade Klubnik,QB,22,1096,1040,838,-202,-19.4,19,-4
9479,Darnell Washington,TE,24,251,520,320,-200,-38.5,159,59
13306,Taylen Green,QB,23,730,713,514,-199,-27.9,22,-12
12473,Mitchell Evans,TE,23,32,360,162,-198,-55,1285,523
13346,Denzel Boston,WR,22,2316,1913,1719,-194,-10.1,3,-7
13288,Nicholas Singleton,RB,22,1882,1633,1441,-192,-11.8,9,-4
8134,Khalil Shakir,WR,26,1452,1617,1427,-190,-11.8,39,23
9508,Tyjae Spears,RB,24,1194,1362,1172,-190,-14,43,23
8144,Chris Olave,WR,25,3873,3911,3724,-187,-4.8,26,20
12471,DJ Giddens,RB,22,585,104,290,186,178.8,-78,-38
13380,Brenen Thompson,WR,22,905,782,597,-185,-23.7,8,-17
12482,Savion Williams,WR,24,96,382,198,-184,-48.2,396,157
827,Tyrod Taylor,QB,36,76,364,182,-182,-50,497,198
12505,Jalen Royals,WR,23,515,67,245,178,265.7,-84,-41
6271,Olamide Zaccheaus,WR,28,33,319,145,-174,-54.5,1127,458
7587,Dyami Brown,WR,26,13,301,129,-172,-57.1,2910,1190
13338,Kevin Coleman,WR,22,825,711,540,-171,-24.1,8,-18
8147,John Metchie,WR,25,185,424,253,-171,-40.3,186,71
11603,AJ Barner,TE,24,1400,1539,1369,-170,-11,38,22
9504,Kayshon Boutte,WR,24,1107,1260,1090,-170,-13.5,42,23
6806,J.K. Dobbins,RB,27,1548,1677,1511,-166,-9.9,36,22
19,Joe Flacco,QB,41,243,453,289,-164,-36.2,134,49
9997,Zay Flowers,WR,25,3422,3445,3282,-163,-4.7,26,20
11199,Emari Demercado,RB,27,26,296,133,-163,-55.1,1310,533
11559,Michael Penix,QB,26,1797,1913,1752,-161,-8.4,33,22
8208,Tyler Badie,RB,26,6,277,116,-161,-58.1,5440,2220
13420,Bryce Lance,WR,23,821,700,540,-160,-22.9,7,-18
12641,Jaylin Lane,WR,24,251,452,292,-160,-35.4,125,45
13320,Zachariah Branch,WR,22,1622,1312,1154,-158,-12,1,-11
12455,Brashard Smith,RB,23,273,461,305,-156,-33.8,111,40
4040,JuJu Smith-Schuster,WR,29,25,283,127,-156,-55.1,1315,535
11617,Malachi Corley,WR,24,22,282,126,-156,-55.3,1467,600
10232,Michael Wilson,WR,26,1976,2076,1921,-155,-7.5,31,22
13274,Germie Bernard,WR,22,1818,1441,1287,-154,-10.7,-1,-11
4972,Mason Rudolph,QB,30,62,305,152,-153,-50.2,510,204
11600,Ja'Tavion Sanders,TE,23,404,549,397,-152,-27.7,70,23
9481,Luke Musgrave,TE,25,139,352,204,-148,-42,217,84
9506,Sean Tucker,RB,24,682,816,670,-146,-17.9,50,23
13299,Nate Boerkircher,TE,24,173,384,239,-145,-37.8,178,73
4217,George Kittle,TE,32,2108,2184,2042,-142,-6.5,30,21
11630,Roman Wilson,WR,24,59,284,142,-142,-50,504,202
11629,Devontez Walker,WR,24,18,254,112,-142,-55.9,1714,700
11256,Tyson Bagent,QB,25,56,280,139,-141,-50.4,522,209
10444,Cedric Tillman,WR,26,260,420,283,-137,-32.6,102,36
11571,Isaiah Davis,RB,24,286,435,300,-135,-31,90,31
11439,Jaleel McLaughlin,RB,25,25,246,112,-134,-54.5,1130,460
2078,Odell Beckham,WR,33,407,68,200,132,194.1,-79,-38
8132,Tyler Allgeier,RB,26,1434,1529,1399,-130,-8.5,33,22
13417,De'Zhaun Stribling,WR,23,1516,1183,1054,-129,-10.9,-2,-13
13353,Chris Brazzell,WR,22,1413,1068,939,-129,-12.1,-5,-17
12542,Efton Chism,WR,24,47,250,123,-127,-50.8,558,224
8119,Jahan Dotson,WR,26,176,336,212,-124,-36.9,138,50
7828,Noah Gray,TE,27,167,328,206,-122,-37.2,147,55
7562,Tutu Atwell,WR,26,32,227,107,-120,-52.9,773,312
13337,Emmett Johnson,RB,22,1644,1391,1273,-118,-8.5,6,-3
12500,Quinn Ewers,QB,23,262,389,271,-118,-30.3,86,30
11577,Will Shipley,RB,23,126,291,173,-118,-40.5,188,71
13302,Adam Randall,RB,21,1028,661,545,-116,-17.5,-20,-34
13270,CJ Daniels,WR,24,544,535,420,-115,-21.5,23,-3
11994,Kameron Johnson,WR,24,40,225,110,-115,-51.1,603,244
13268,Elijah Sarratt,WR,23,1537,1202,1088,-114,-9.5,-2,-11
4219,Jeremy McNichols,RB,30,20,206,93,-113,-54.9,1188,481
12533,Jacory Croskey-Merritt,RB,25,1589,1643,1537,-106,-6.5,29,21
13335,Cole Payton,QB,23,322,425,319,-106,-24.9,65,24
9486,Dontayvion Wicks,WR,24,760,852,747,-105,-12.3,40,23
12467,Jordan James,RB,22,850,650,545,-105,-16.2,-4,-20
13285,Malachi Fields,WR,22,1482,1159,1055,-104,-9,-2,-11
13411,Zavion Thomas,WR,22,616,533,431,-102,-19.1,8,-12
7090,Darnell Mooney,WR,28,653,742,642,-100,-13.5,42,23
13333,Deion Burks,WR,23,562,540,442,-98,-18.1,20,-2
13394,Josh Cameron,WR,23,317,396,298,-98,-24.7,57,18
8698,Jake Tonges,TE,26,879,953,858,-95,-10,36,22
13402,Skyler Bell,WR,23,1310,857,762,-95,-11.1,-18,-27
12535,Isaac TeSlaa,WR,24,1250,601,695,94,15.6,-40,-30
13317,Ted Hurst,WR,21,1478,1146,1054,-92,-8,-3,-11
13307,Marlin Klein,TE,23,376,459,368,-91,-19.8,52,22
13413,Cyrus Allen,WR,23,382,413,322,-91,-22,35,6
13282,Jack Endries,TE,22,594,545,455,-90,-16.5,15,-4
8800,Malik Davis,RB,27,61,195,106,-89,-45.6,298,116
13348,J'Mari Taylor,RB,24,632,496,408,-88,-17.7,-2,-19
12670,KeAndre Lambert-Smith,WR,24,135,247,159,-88,-35.6,129,47
7567,Kenneth Gainwell,RB,27,1636,1660,1574,-86,-5.2,27,20
8130,Trey McBride,TE,26,6904,3771,3855,84,2.2,-32,-30
13294,Makai Lemon,WR,22,3637,2372,2456,84,3.5,-18,-16
12541,Dont'e Thornton,WR,23,359,118,200,82,69.5,-59,-30
96,Aaron Rodgers,QB,42,1288,1325,1245,-80,-6,29,21
13408,Tanner Koziol,TE,22,453,473,394,-79,-16.7,31,9
13403,Jam Miller,RB,21,487,445,366,-79,-17.8,14,-6
13301,Antonio Williams,WR,21,1794,1340,1265,-75,-5.6,-7,-12
12523,Jimmy Horn,WR,23,72,179,104,-75,-41.9,209,79
13293,Ja'Kobi Lane,WR,22,1284,938,864,-74,-7.9,-9,-16
13324,Matt Hibner,TE,24,478,576,502,-74,-12.8,51,31
4033,David Njoku,TE,29,1274,1303,1230,-73,-5.6,28,21
13434,Will Kacmarek,TE,23,418,459,387,-72,-15.7,37,16
13435,Joe Royer,TE,24,89,239,173,-66,-27.6,237,144
11557,Joe Milton,QB,26,340,134,199,65,48.5,-51,-27
13424,Seth McGowan,RB,24,586,398,335,-63,-15.8,-15,-28
13423,Eli Heidenreich,RB,22,784,515,453,-62,-12,-18,-28
13349,Eli Stowers,TE,23,2439,1644,1583,-61,-3.7,-16,-19
13329,Malik Benson,WR,23,185,293,233,-60,-20.5,98,57
13322,Sam Roush,TE,22,290,420,361,-59,-14,81,56
13416,Roman Hemby,RB,23,297,375,318,-57,-15.2,58,34
13347,Demond Claiborne,RB,22,1165,651,595,-56,-8.6,-30,-36
12470,Riley Leonard,QB,23,345,397,341,-56,-14.1,44,24
13392,Jeff Caldwell,WR,23,250,309,253,-56,-18.1,55,27
8138,James Cook,RB,26,5021,4770,4715,-55,-1.2,19,17
13342,John Michael Gyllenborg,TE,23,219,328,275,-53,-16.2,87,57
6920,Isaiah Hodgins,WR,27,18,103,50,-53,-51.5,636,257
12718,Konata Mumpfield,WR,23,49,124,72,-52,-41.9,218,85
11599,Cade Stover,TE,25,17,101,49,-52,-51.5,621,250
13296,Caleb Douglas,WR,22,761,585,534,-51,-8.7,-4,-12
13079,Jahdae Walker,WR,23,89,151,100,-51,-33.8,113,41
11435,Emanuel Wilson,RB,27,683,713,663,-50,-7,31,21
8408,Jordan Mason,RB,27,1356,1345,1297,-48,-3.6,24,20
12496,Tai Felton,WR,23,46,114,66,-48,-42.1,208,78
13330,Kenyon Sadiq,TE,21,2856,1922,1879,-43,-2.2,-16,-18
8117,Jalen Tolbert,WR,27,360,392,351,-41,-10.5,36,22
13422,Jaren Kanak,TE,22,263,373,332,-41,-11,78,58
9224,Chase Brown,RB,26,3711,3518,3478,-40,-1.1,19,17
7538,Zach Wilson,QB,26,56,104,66,-38,-36.5,131,47
8142,Alec Pierce,WR,26,2185,2092,2055,-37,-1.8,20,18
4137,James Conner,RB,31,710,719,682,-37,-5.1,27,20
12481,Cam Skattebo,RB,24,3325,3158,3122,-36,-1.1,19,17
5844,T.J. Hockenson,TE,28,1524,1483,1447,-36,-2.4,22,19
6801,Tee Higgins,WR,27,3245,3070,3035,-35,-1.1,18,17
12514,Emeka Egbuka,WR,23,4462,2460,2495,35,1.4,-31,-30
13418,Robert Henry,RB,24,277,281,247,-34,-12.1,27,12
5012,Mark Andrews,TE,30,1582,1523,1491,-32,-2.1,20,18
12547,Kyle Williams,WR,23,837,431,463,32,7.4,-36,-31
12543,Tahj Brooks,RB,24,359,169,201,32,18.9,-41,-30
12531,Trevor Etienne,RB,21,368,388,357,-31,-8,32,21
13350,Joe Fagnano,QB,25,124,284,255,-29,-10.2,187,158
9230,Tanner McKee,QB,26,62,92,64,-28,-30.4,84,28
12534,Kyle Monangai,RB,23,1829,1743,1718,-25,-1.4,19,18
9225,Tank Bigsby,RB,23,1119,596,621,25,4.2,-33,-31
13414,Kaelon Black,RB,24,1053,570,545,-25,-4.4,-32,-35
12462,Damien Martinez,RB,22,106,219,194,-25,-11.4,158,128
11569,Jarquez Hunter,RB,23,232,252,228,-24,-9.5,36,23
12521,Elijah Arroyo,TE,23,783,410,433,23,5.6,-35,-31
12519,Luther Burden,WR,22,3627,2010,2031,21,1,-31,-30
12048,George Holani,RB,26,71,90,69,-21,-23.3,58,21
12738,Phil Mafah,RB,23,63,154,134,-20,-13,208,168
11581,MarShawn Lloyd,RB,25,1224,705,686,-19,-2.7,-28,-30
8162,Sam Howell,QB,25,35,140,122,-18,-12.9,400,336
8161,Malik Willis,QB,27,2521,1396,1410,14,1,-31,-30
4983,DJ Moore,WR,29,2304,2160,2148,-12,-0.6,17,17
13305,Mike Washington,RB,22,1366,968,956,-12,-1.2,-11,-12
8137,George Pickens,WR,25,4507,4199,4188,-11,-0.3,17,16
12529,TreVeyon Henderson,RB,23,3625,3381,3372,-9,-0.3,17,16
12457,Jaydon Blue,RB,22,663,359,368,9,2.5,-32,-31
9487,Parker Washington,WR,24,2100,1952,1946,-6,-0.3,16,16
13405,Kaytron Allen,RB,23,1453,1047,1041,-6,-0.6,-10,-10
12503,Isaiah Bond,WR,22,414,394,388,-6,-1.5,19,17
12484,Jayden Higgins,WR,23,1729,1612,1607,-5,-0.3,17,16
9509,Bijan Robinson,RB,24,10392,8306,8306,0,0,0,0
9221,Jahmyr Gibbs,RB,24,9814,8122,8122,0,0,4,4
4984,Josh Allen,QB,30,10039,8091,8091,0,0,1,1
11564,Drake Maye,QB,23,8785,6782,6782,0,0,-3,-3
9493,Puka Nacua,WR,25,8646,6776,6776,0,0,-2,-2
7564,Ja'Marr Chase,WR,26,9808,6025,6025,0,0,-23,-23
9488,Jaxon Smith-Njigba,WR,24,9275,6003,6003,0,0,-19,-19
11560,Caleb Williams,QB,24,7212,5796,5796,0,0,1,1
4881,Lamar Jackson,QB,29,7229,5322,5322,0,0,-8,-8
7547,Amon-Ra St. Brown,WR,26,7387,5302,5302,0,0,-10,-10
6797,Justin Herbert,QB,28,5712,4941,4941,0,0,8,8
8112,Drake London,WR,24,5907,4793,4793,0,0,2,2
12527,Ashton Jeanty,RB,22,6931,4587,4587,0,0,-17,-17
12508,Jaxson Dart,QB,23,5465,4078,4078,0,0,-7,-7
6770,Joe Burrow,QB,29,6790,3955,3955,0,0,-27,-27
12507,Omarion Hampton,RB,23,5671,3835,3835,0,0,-15,-15
6786,CeeDee Lamb,WR,27,6352,3828,3828,0,0,-25,-25
4034,Christian McCaffrey,RB,29,4177,3701,3701,0,0,11,11
7569,Nico Collins,WR,27,4260,3671,3671,0,0,8,8
8151,Kenneth Walker,RB,25,4136,3670,3670,0,0,11,11
5859,A.J. Brown,WR,28,3982,3436,3436,0,0,8,8
12512,Quinshon Judkins,RB,22,3848,3274,3274,0,0,6,6
8289,Aidan Hutchinson,DL,25,0,3057,3057,0,0,,
12526,Tetairoa McMillan,WR,23,4988,2995,2995,0,0,-25,-25
10229,Rashee Rice,WR,26,3387,2987,2987,0,0,10,10
3973,Myles Garrett,DL,30,0,2961,2961,0,0,,
13279,Carnell Tate,WR,21,4386,2955,2955,0,0,-16,-16
11631,Brian Thomas,WR,23,3212,2911,2911,0,0,13,13
11635,Ladd McConkey,WR,24,3906,2890,2890,0,0,-7,-7
5862,Brian Burns,DL,28,0,2827,2827,0,0,,
10892,Will Anderson,DL,24,0,2783,2783,0,0,,
7525,DeVonta Smith,WR,27,3569,2729,2729,0,0,-4,-4
5991,Maxx Crosby,DL,28,0,2717,2717,0,0,,
10898,Tuli Tuipulotu,DL,23,0,2652,2652,0,0,,
13281,Jordyn Tyson,WR,21,3854,2649,2649,0,0,-14,-14
8146,Garrett Wilson,WR,25,4057,2635,2635,0,0,-19,-19
11620,Rome Odunze,WR,24,3567,2632,2632,0,0,-8,-8
4866,Saquon Barkley,RB,29,3648,2627,2627,0,0,-10,-10
7526,Jaylen Waddle,WR,27,3050,2625,2625,0,0,8,8
11628,Marvin Harrison,WR,23,3510,2620,2620,0,0,-7,-7
12506,Harold Fannin,TE,21,3374,2552,2552,0,0,-5,-5
8148,Jameson Williams,WR,25,2884,2488,2488,0,0,8,8
DEN,Denver Broncos,DEF,26,0,2443,2443,0,0,,
5849,Kyler Murray,QB,28,2956,2437,2437,0,0,3,3
7553,Kyle Pitts,TE,25,2968,2392,2392,0,0,1,1
CLE,Cleveland Browns,DEF,26,0,2315,2315,0,0,,
9484,Tucker Kraft,TE,25,3395,2314,2314,0,0,-15,-15
PIT,Pittsburgh Steelers,DEF,26,0,2242,2242,0,0,,
12545,Tyler Shough,QB,26,3373,2228,2228,0,0,-17,-17
10859,Sam LaPorta,TE,25,3058,2202,2202,0,0,-10,-10
6125,Jeffery Simmons,DL,28,0,2198,2198,0,0,,
7640,Micah Parsons,LB,27,0,2090,2090,0,0,,
SEA,Seattle Seahawks,DEF,26,0,2073,2073,0,0,,
6782,Chase Young,DL,27,0,2058,2058,0,0,,
ATL,Atlanta Falcons,DEF,26,0,1983,1983,0,0,,
7113,Alex Highsmith,LB,28,0,1982,1982,0,0,,
MIN,Minnesota Vikings,DEF,26,0,1968,1968,0,0,,
8280,Nik Bonitto,LB,26,0,1930,1930,0,0,,
8385,George Karlaftis,DL,25,0,1926,1926,0,0,,
8259,Cameron Dicker,K,26,0,1890,1890,0,0,,
HOU,Houston Texans,DEF,26,0,1862,1862,0,0,,
11665,Jared Verse,DL,25,0,1857,1857,0,0,,
12585,James Pearce,DL,22,0,1856,1856,0,0,,
7839,Evan McPherson,K,26,0,1804,1804,0,0,,
12493,Oronde Gadsden,TE,22,2049,1799,1799,0,0,10,10
2393,Danielle Hunter,DL,31,0,1791,1791,0,0,,
7627,Greg Rousseau,DL,26,0,1786,1786,0,0,,
4070,T.J. Watt,LB,31,0,1776,1776,0,0,,
11058,Blake Grupe,K,27,0,1770,1770,0,0,,
10905,Brian Branch,DB,24,0,1769,1769,0,0,,
10236,Dalton Kincaid,TE,26,1870,1733,1733,0,0,16,16
2133,Davante Adams,WR,33,2154,1731,1731,0,0,1,1
8167,Christian Watson,WR,27,2083,1731,1731,0,0,4,4
5927,Terry McLaurin,WR,30,2121,1729,1729,0,0,2,2
IND,Indianapolis Colts,DEF,26,0,1727,1727,0,0,,
11786,Cam Little,K,22,0,1720,1720,0,0,,
5871,Zach Allen,DL,28,0,1716,1716,0,0,,
11685,Kamari Lassiter,DB,23,0,1714,1714,0,0,,
6124,Montez Sweat,DL,29,0,1712,1712,0,0,,
11792,Will Reichard,K,25,0,1710,1710,0,0,,
5840,Josh Hines-Allen,DL,28,0,1697,1697,0,0,,
10888,Jalen Carter,DL,25,0,1692,1692,0,0,,
LAR,Los Angeles Rams,DEF,26,0,1688,1688,0,0,,
6183,Andrew Van Ginkel,LB,30,0,1687,1687,0,0,,
11624,Xavier Worthy,WR,23,1940,1675,1675,0,0,8,8
12578,Carson Schwesinger,LB,23,0,1674,1674,0,0,,
7922,Riley Patterson,K,26,0,1646,1646,0,0,,
11539,Jake Bates,K,27,0,1646,1646,0,0,,
10955,Chad Ryland,K,26,0,1643,1643,0,0,,
NO,New Orleans Saints,DEF,26,0,1642,1642,0,0,,
4999,Josh Sweat,DL,29,0,1636,1636,0,0,,
8110,Jake Ferguson,TE,27,1914,1615,1615,0,0,6,6
12562,Nic Scourton,DL,21,0,1598,1598,0,0,,
12597,Nick Emmanwori,DB,22,0,1598,1598,0,0,,
12574,Abdul Carter,DL,22,0,1591,1591,0,0,,
10880,Jack Campbell,LB,25,0,1587,1587,0,0,,
11669,Laiatu Latu,DL,25,0,1571,1571,0,0,,
5119,Jason Sanders,K,30,0,1570,1570,0,0,,
8266,Quay Walker,LB,26,0,1570,1570,0,0,,
6650,Chase McLaughlin,K,30,0,1559,1559,0,0,,
12530,Travis Hunter,WR,23,2060,1559,1559,0,0,-5,-5
LAC,Los Angeles Chargers,DEF,26,0,1559,1559,0,0,,
8329,Devin Lloyd,LB,27,0,1544,1544,0,0,,
12490,Bhayshul Tuten,RB,23,2256,1544,1544,0,0,-14,-14
7042,Tyler Bass,K,29,0,1537,1537,0,0,,
PHI,Philadelphia Eagles,DEF,26,0,1533,1533,0,0,,
10917,Byron Young,LB,28,0,1523,1523,0,0,,
DET,Detroit Lions,DEF,26,0,1518,1518,0,0,,
7672,Ernest Jones,LB,26,0,1514,1514,0,0,,
10940,Nick Herbig,LB,24,0,1512,1512,0,0,,
12568,Jalon Walker,DL,22,0,1507,1507,0,0,,
12713,Andy Borregales,K,23,0,1504,1504,0,0,,
7648,Nick Bolton,LB,26,0,1501,1501,0,0,,
11687,Edgerrin Cooper,LB,24,0,1501,1501,0,0,,
4968,Tremaine Edmunds,LB,28,0,1500,1500,0,0,,
12711,Tyler Loop,K,24,0,1500,1500,0,0,,
LV,Las Vegas Raiders,DEF,26,0,1500,1500,0,0,,
NYG,New York Giants,DEF,26,0,1495,1495,0,0,,
10899,Gervon Dexter,DL,24,0,1492,1492,0,0,,
3451,Ka'imi Fairbairn,K,32,0,1491,1491,0,0,,
6949,Jordyn Brooks,LB,28,0,1490,1490,0,0,,
8359,Marcus Jones,DB,27,0,1480,1480,0,0,,
8308,Derek Stingley,DB,24,0,1469,1469,0,0,,
DAL,Dallas Cowboys,DEF,26,0,1467,1467,0,0,,
12552,Walter Nolen,DL,22,0,1465,1465,0,0,,
12961,Ryan Fitzgerald,K,25,0,1462,1462,0,0,,
TB,Tampa Bay Buccaneers,DEF,26,0,1462,1462,0,0,,
5816,Nick Bosa,DL,28,0,1461,1461,0,0,,
10916,Kobie Turner,DL,27,0,1459,1459,0,0,,
CHI,Chicago Bears,DEF,26,0,1459,1459,0,0,,
BUF,Buffalo Bills,DEF,26,0,1458,1458,0,0,,
10866,Aidan O'Connell,QB,27,0,1457,1457,0,0,,
10921,Yaya Diaby,DL,27,0,1452,1452,0,0,,
11667,Dallas Turner,LB,23,0,1452,1452,0,0,,
9480,Brenton Strange,TE,25,1578,1451,1451,0,0,15,15
JAX,Jacksonville Jaguars,DEF,26,0,1446,1446,0,0,,
6807,Patrick Queen,LB,26,0,1442,1442,0,0,,
10874,Bryan Bresee,DL,24,0,1440,1440,0,0,,
GB,Green Bay Packers,DEF,26,0,1436,1436,0,0,,
WAS,Washington Commanders,DEF,26,0,1435,1435,0,0,,
TEN,Tennessee Titans,DEF,26,0,1435,1435,0,0,,
11533,Brandon Aubrey,K,31,0,1432,1432,0,0,,
11261,Andre Szmyt,K,27,0,1423,1423,0,0,,
NE,New England Patriots,DEF,26,0,1405,1405,0,0,,
11703,Jalyx Hunt,DL,25,0,1398,1398,0,0,,
3678,Wil Lutz,K,31,0,1397,1397,0,0,,
8355,Kayvon Thibodeaux,DL,25,0,1394,1394,0,0,,
6315,Tyrel Dodson,LB,27,0,1377,1377,0,0,,
4195,Jake Elliott,K,31,0,1372,1372,0,0,,
8339,Kyle Hamilton,DB,25,0,1372,1372,0,0,,
12015,Harrison Mevis,K,24,0,1371,1371,0,0,,
11653,Charlie Smyth,K,24,0,1370,1370,0,0,,
10937,Jake Moody,K,26,0,1367,1367,0,0,,
11760,Austin Booker,DL,23,0,1362,1362,0,0,,
7651,Jeremiah Owusu-Koramoah,LB,26,0,1359,1359,0,0,,
8752,Ja'Quan McMillian,DB,25,0,1352,1352,0,0,,
6118,Quinnen Williams,DL,28,0,1350,1350,0,0,,
10883,Will McDonald,DL,26,0,1346,1346,0,0,,
12185,Spencer Shrader,K,27,0,1334,1334,0,0,,
11742,Cedric Gray,LB,23,0,1330,1330,0,0,,
7765,Jonathon Cooper,DL,28,0,1321,1321,0,0,,
11710,Calen Bullock,DB,23,0,1321,1321,0,0,,
4037,Chris Godwin,WR,30,1507,1312,1312,0,0,9,9
BAL,Baltimore Ravens,DEF,26,0,1307,1307,0,0,,
11646,Jalen Coker,WR,24,1437,1306,1306,0,0,14,14
5332,Foyesade Oluokun,LB,30,0,1305,1305,0,0,,
5912,Carl Granderson,DL,29,0,1305,1305,0,0,,
6214,Quincy Williams,LB,29,0,1305,1305,0,0,,
11656,Nate Wiggins,DB,22,0,1305,1305,0,0,,
6818,Nnamdi Madubuike,DL,28,0,1302,1302,0,0,,
11726,Kamren Kinchens,DB,23,0,1298,1298,0,0,,
12605,Jacob Parrish,DB,22,0,1293,1293,0,0,,
11678,Cooper DeJean,DB,23,0,1290,1290,0,0,,
KC,Kansas City Chiefs,DEF,26,0,1289,1289,0,0,,
6302,Kaden Elliss,LB,30,0,1285,1285,0,0,,
MIA,Miami Dolphins,DEF,26,0,1280,1280,0,0,,
2216,Mike Evans,WR,32,1986,1277,1277,0,0,-20,-20
6784,Derrick Brown,DL,28,0,1272,1272,0,0,,
3558,Chris Jones,DL,31,0,1270,1270,0,0,,
11705,Tykee Smith,DB,25,0,1268,1268,0,0,,
5841,Ed Oliver,DL,28,0,1267,1267,0,0,,
4227,Harrison Butker,K,30,0,1261,1261,0,0,,
5189,Eddy Pineiro,K,30,0,1256,1256,0,0,,
5346,Zaire Franklin,LB,29,0,1256,1256,0,0,,
6528,Joey Slye,K,30,0,1255,1255,0,0,,
CIN,Cincinnati Bengals,DEF,26,0,1253,1253,0,0,,
7635,Jaelan Phillips,LB,27,0,1250,1250,0,0,,
10891,Devon Witherspoon,DB,25,0,1246,1246,0,0,,
8487,Christian Benford,DB,25,0,1244,1244,0,0,,
8392,Nick Cross,DB,24,0,1243,1243,0,0,,
6900,Jonathan Greenard,DL,29,0,1240,1240,0,0,,
11638,Ricky Pearsall,WR,25,1954,1235,1235,0,0,-21,-21
5297,Zach Sieler,DL,30,0,1233,1233,0,0,,
10970,Henry To'oTo'o,LB,25,0,1229,1229,0,0,,
8131,Isaiah Likely,TE,26,1941,1226,1226,0,0,-21,-21
5580,Frankie Luvu,LB,29,0,1221,1221,0,0,,
8265,Travon Walker,LB,25,0,1221,1221,0,0,,
7659,Tre'von Moehrig,DB,26,0,1208,1208,0,0,,
7678,Joseph Ossai,DL,26,0,1208,1208,0,0,,
11740,Brandon Dorlus,DL,25,0,1204,1204,0,0,,
7841,Jamien Sherwood,LB,26,0,1194,1194,0,0,,
4967,Bradley Chubb,LB,29,0,1193,1193,0,0,,
1466,Travis Kelce,TE,36,1583,1190,1190,0,0,-6,-6
4960,Roquan Smith,LB,29,0,1185,1185,0,0,,
4971,Derwin James,DB,29,0,1185,1185,0,0,,
11675,Kool-Aid McKinstry,DB,23,0,1184,1184,0,0,,
8314,Jalen Pitre,DB,27,0,1183,1183,0,0,,
2311,Leonard Williams,DL,31,0,1182,1182,0,0,,
12502,Gunnar Helm,TE,23,1428,1181,1181,0,0,4,4
10222,Jayden Reed,WR,26,1860,1179,1179,0,0,-21,-21
5030,Harold Landry,LB,29,0,1176,1176,0,0,,
8205,Isiah Pacheco,RB,27,1272,1174,1174,0,0,15,15
5839,Rashan Gary,LB,28,0,1169,1169,0,0,,
10914,Daiyan Henley,LB,26,0,1168,1168,0,0,,
12617,Demetrius Knight,LB,25,0,1167,1167,0,0,,
11724,Trevin Wallace,LB,23,0,1166,1166,0,0,,
5330,Dorance Armstrong,DL,28,0,1162,1162,0,0,,
8376,Alex Wright,DL,25,0,1157,1157,0,0,,
4071,Marlon Humphrey,DB,29,0,1156,1156,0,0,,
10934,Zach Harrison,DL,24,0,1156,1156,0,0,,
6333,Keisean Nixon,DB,28,0,1151,1151,0,0,,
8154,Brian Robinson,RB,27,1276,1151,1151,0,0,13,13
11676,Mike Sainristil,DB,25,0,1147,1147,0,0,,
11586,Blake Corum,RB,25,1670,1144,1144,0,0,-14,-14
12635,Tonka Hemingway,DL,24,0,1139,1139,0,0,,
8659,Nate Landman,LB,27,0,1138,1138,0,0,,
3172,DeForest Buckner,DL,32,0,1135,1135,0,0,,
6025,Mike Jackson,DB,29,0,1131,1131,0,0,,
8396,Micah McFadden,LB,26,0,1131,1131,0,0,,
ARI,Arizona Cardinals,DEF,26,0,1128,1128,0,0,,
2747,Jason Myers,K,35,0,1123,1123,0,0,,
6799,Grant Delpit,DB,27,0,1119,1119,0,0,,
12591,Xavier Watts,DB,24,0,1118,1118,0,0,,
11682,Cole Bishop,DB,23,0,1117,1117,0,0,,
7715,Cam Bynum,DB,27,0,1113,1113,0,0,,
12657,Denzel Burke,DB,23,0,1112,1112,0,0,,
12524,Shedeur Sanders,QB,24,1452,1110,1110,0,0,-4,-4
8333,Alontae Taylor,DB,27,0,1108,1108,0,0,,
12619,Jonas Sanker,DB,23,0,1103,1103,0,0,,
CAR,Carolina Panthers,DEF,26,0,1093,1093,0,0,,
7695,Osa Odighizuwa,DL,27,0,1091,1091,0,0,,
4969,Vita Vea,DL,31,0,1089,1089,0,0,,
2064,DeMarcus Lawrence,DL,34,0,1088,1088,0,0,,
NYJ,New York Jets,DEF,26,0,1083,1083,0,0,,
10881,Christian Gonzalez,DB,23,0,1080,1080,0,0,,
8348,Kerby Joseph,DB,25,0,1077,1077,0,0,,
6888,Antoine Winfield,DB,27,0,1073,1073,0,0,,
6485,Azeez Al-Shaair,LB,28,0,1071,1071,0,0,,
6083,Matt Gay,K,32,0,1066,1066,0,0,,
5017,Jessie Bates,DB,29,0,1065,1065,0,0,,
6217,Blake Cashman,LB,30,0,1064,1064,0,0,,
6788,Xavier McKinney,DB,27,0,1060,1060,0,0,,
7633,Kwity Paye,DL,27,0,1059,1059,0,0,,
8122,Zonovan Knight,RB,25,0,1058,1058,0,0,,
10949,Chamarri Conner,DB,25,0,1056,1056,0,0,,
5893,C.J. Gardner-Johnson,DB,28,0,1054,1054,0,0,,
4118,Alex Anzalone,LB,31,0,1052,1052,0,0,,
6065,Cody Barton,LB,29,0,1052,1052,0,0,,
4035,Alvin Kamara,RB,30,1321,1051,1051,0,0,0,0
SF,San Francisco 49ers,DEF,26,0,1050,1050,0,0,,
8269,Jordan Davis,DL,26,0,1049,1049,0,0,,
11700,Dru Phillips,DB,24,0,1048,1048,0,0,,
6815,Zack Baun,LB,29,0,1047,1047,0,0,,
12536,Jaylin Noel,WR,23,1162,1046,1046,0,0,13,13
5726,Robert Spillane,LB,30,0,1045,1045,0,0,,
1166,Kirk Cousins,QB,37,1165,1041,1041,0,0,12,12
8286,Dax Hill,DB,25,0,1039,1039,0,0,,
11779,Tarheeb Still,DB,23,0,1039,1039,0,0,,
8267,Nakobe Dean,LB,25,0,1033,1033,0,0,,
7667,Tyson Campbell,DB,26,0,1031,1031,0,0,,
5466,John Franklin-Myers,DL,29,0,1030,1030,0,0,,
6803,Brandon Aiyuk,WR,28,1258,1030,1030,0,0,2,2
8364,Trent McDuffie,DB,25,0,1024,1024,0,0,,
8400,Travis Jones,DL,26,0,1022,1022,0,0,,
12469,Dylan Sampson,RB,21,1300,1021,1021,0,0,-2,-2
4135,Trey Hendrickson,DL,31,0,1020,1020,0,0,,
10974,Antonio Johnson,DB,24,0,1018,1018,0,0,,
7641,Pat Surtain,DB,26,0,1016,1016,0,0,,
4976,Daron Payne,DL,29,0,1014,1014,0,0,,
5843,Devin Bush,LB,27,0,1013,1013,0,0,,
5095,Daniel Carlson,K,,0,0,0,0,0,,
5894,Germaine Pratt,LB,,0,0,0,0,0,,
6802,A.J. Epenesa,DL,,0,0,0,0,0,,
11008,Anders Carlson,K,,0,0,0,0,0,,
5944,Bobby Okereke,LB,,0,0,0,0,0,,
6800,K'Lavon Chaisson,LB,26,0,995,995,0,0,,
5847,Dexter Lawrence,DL,28,0,994,994,0,0,,
7136,Kam Curl,DB,27,0,987,987,0,0,,
7626,Odafe Oweh,LB,27,0,986,986,0,0,,
12565,Will Johnson,DB,23,0,986,986,0,0,,
5960,T.J. Edwards,LB,29,0,983,983,0,0,,
11662,Quinyon Mitchell,DB,24,0,980,980,0,0,,
4032,Jonathan Allen,DL,31,0,978,978,0,0,,
3161,Carson Wentz,QB,33,0,976,976,0,0,,
10930,Riley Moss,DB,26,0,976,976,0,0,,
11739,Evan Williams,DB,24,0,975,975,0,0,,
7811,Talanoa Hufanga,DB,26,0,973,973,0,0,,
12604,Andrew Mukuba,DB,23,0,973,973,0,0,,
12647,Billy Bowman,DB,23,0,970,970,0,0,,
11668,Byron Murphy,DL,23,0,969,969,0,0,,
6141,Drue Tranquill,LB,30,0,968,968,0,0,,
8323,Jaquan Brisker,DB,27,0,964,964,0,0,,
11328,Jalen Redmond,DL,27,0,962,962,0,0,,
6219,Austin Seibert,K,,0,0,0,0,0,,
11661,Terrion Arnold,DB,23,0,958,958,0,0,,
5908,Amani Hooker,DB,27,0,957,957,0,0,,
6923,Geno Stone,DB,27,0,953,953,0,0,,
7819,Deommodore Lenoir,DB,26,0,939,939,0,0,,
6119,Devin White,LB,,0,0,0,0,0,,
8104,Dee Alford,DB,28,0,936,936,0,0,,
12556,Donovan Ezeiruaku,DL,22,0,936,936,0,0,,
12571,Mike Green,DL,22,0,934,934,0,0,,
5041,Fred Warner,LB,29,0,932,932,0,0,,
5872,Deebo Samuel,WR,,0,0,0,0,0,,
8311,Terrel Bernard,LB,27,0,930,930,0,0,,
5864,Byron Murphy,DB,28,0,926,926,0,0,,
7669,Paulson Adebo,DB,26,0,926,926,0,0,,
12652,Deone Walker,DL,22,0,926,926,0,0,,
12573,Mason Graham,DL,22,0,923,923,0,0,,
10219,Chris Rodriguez,RB,26,1334,921,921,0,0,-14,-14
10980,SirVocea Dennis,LB,26,0,918,918,0,0,,
11727,Payton Wilson,LB,26,0,913,913,0,0,,
10897,Tyrique Stevenson,DB,26,0,912,912,0,0,,
11674,Tyler Nubin,DB,24,0,912,912,0,0,,
10901,Keeanu Benton,DL,24,0,908,908,0,0,,
11470,Drake Thomas,LB,26,0,907,907,0,0,,
8293,Coby Bryant,DB,27,0,905,905,0,0,,
8374,Riq Woolen,DB,27,0,904,904,0,0,,
5865,Dre'Mont Jones,DL,29,0,902,902,0,0,,
6111,Jake Browning,QB,30,0,901,901,0,0,,
8670,Parker Romo,K,,0,0,0,0,0,,
8476,DaRon Bland,DB,26,0,893,893,0,0,,
4081,Budda Baker,DB,30,0,890,890,0,0,,
650,Nick Folk,K,41,0,889,889,0,0,,
11699,Jer'Zhan Newton,DL,23,0,889,889,0,0,,
2020,Cairo Santos,K,34,0,888,888,0,0,,
8172,Greg Dulcich,TE,26,965,888,888,0,0,15,15
8343,Boye Mafe,DL,27,0,888,888,0,0,,
125,Calais Campbell,DL,39,0,886,886,0,0,,
4199,Aaron Jones,RB,31,1292,886,886,0,0,-14,-14
1052,Demario Davis,LB,37,0,884,884,0,0,,
10875,Myles Murphy,DL,24,0,880,880,0,0,,
11086,Ivan Pace,LB,25,0,876,876,0,0,,
13066,Ben Sauls,K,24,0,876,876,0,0,,
8330,Quentin Lake,DB,27,0,875,875,0,0,,
4233,Zane Gonzalez,K,31,0,874,874,0,0,,
10894,DJ Turner,DB,25,0,872,872,0,0,,
11789,Joshua Karty,K,24,0,872,872,0,0,,
9511,Keaton Mitchell,RB,24,1250,870,870,0,0,-13,-13
11618,Jalen McMillan,WR,24,1429,869,869,0,0,-24,-24
10927,Jordan Battle,DB,25,0,866,866,0,0,,
12566,Jihaad Campbell,LB,22,0,866,866,0,0,,
6872,Kyle Dugger,DB,30,0,865,865,0,0,,
3160,Jalen Ramsey,DB,31,0,864,864,0,0,,
11589,Trey Benson,RB,23,1068,863,863,0,0,1,1
12614,Shemar James,LB,21,0,860,860,0,0,,
4144,Jonnu Smith,TE,,0,0,0,0,0,,
11663,Chop Robinson,DL,23,0,859,859,0,0,,
5061,Uchenna Nwosu,LB,29,0,858,858,0,0,,
8258,Cade York,K,25,0,856,856,0,0,,
4666,Younghoe Koo,K,31,0,854,854,0,0,,
5876,Julian Love,DB,28,0,854,854,0,0,,
1945,Chris Boswell,K,35,0,850,850,0,0,,
3233,Kevin Byard,DB,32,0,850,850,0,0,,
10882,Emmanuel Forbes,DB,25,0,849,849,0,0,,
11030,Moro Ojomo,DL,24,0,845,845,0,0,,
8395,Dane Belton,DB,25,0,843,843,0,0,,
12646,Barrett Carter,LB,23,0,840,840,0,0,,
11714,Jonah Elliss,DL,23,0,839,839,0,0,,
11827,Jonah Laulu,DL,25,0,838,838,0,0,,
1433,Brandon McManus,K,,0,0,0,0,0,,
12860,Theo Wease,WR,24,0,833,833,0,0,,
11766,Jarvis Brownlee,DB,24,0,830,830,0,0,,
5372,D.J. Reed,DB,29,0,828,828,0,0,,
11608,Isaiah Williams,WR,25,0,828,828,0,0,,
11725,Jarrian Jones,DB,25,0,827,827,0,0,,
3202,Austin Hooper,TE,31,0,824,824,0,0,,
12561,Derrick Harmon,DL,22,0,819,819,0,0,,
10878,Deonte Banks,DB,25,0,815,815,0,0,,
10913,Joey Porter,DB,25,0,814,814,0,0,,
12640,Teddye Buchanan,LB,23,0,814,814,0,0,,
12593,Jack Sawyer,DL,24,0,812,812,0,0,,
8180,Jalen Nailor,WR,27,1213,800,800,0,0,-18,-18
8932,Lucas Havrisik,K,26,0,793,793,0,0,,
7696,Milton Williams,DL,27,0,791,791,0,0,,
7044,Julian Blackmon,DB,27,0,789,789,0,0,,
12567,Malaki Starks,DB,22,0,789,789,0,0,,
11017,Dee Winters,LB,25,0,788,788,0,0,,
843,Cameron Heyward,DL,37,0,787,787,0,0,,
5341,Taron Johnson,DB,29,0,787,787,0,0,,
3236,Maliek Collins,DL,31,0,785,785,0,0,,
7346,Christian Rozeboom,LB,29,0,785,785,0,0,,
11743,Justin Eboigbe,DL,25,0,783,783,0,0,,
6945,Antonio Gibson,RB,,0,0,0,0,0,,
6896,Amik Robertson,DB,27,0,769,769,0,0,,
7069,Alohi Gilman,DB,28,0,768,768,0,0,,
5854,Drew Lock,QB,29,0,767,767,0,0,,
10944,Tavius Robinson,DL,27,0,766,766,0,0,,
2617,Alex Singleton,LB,32,0,763,763,0,0,,
4017,Deshaun Watson,QB,30,1317,752,752,0,0,-29,-29
7391,Bryce Huff,DL,,0,0,0,0,0,,
4168,Grover Stewart,DL,32,0,751,751,0,0,,
5067,Arden Key,DL,30,0,749,749,0,0,,
6868,DJ Wonnum,DL,28,0,747,747,0,0,,
12427,Dondrea Tillman,DL,28,0,746,746,0,0,,
10911,Derick Hall,DL,25,0,742,742,0,0,,
4963,Minkah Fitzpatrick,DB,29,0,736,736,0,0,,
7711,Tommy Togiai,DL,26,0,735,735,0,0,,
8406,Reed Blankenship,DB,27,0,734,734,0,0,,
11686,Javon Bullard,DB,23,0,733,733,0,0,,
11677,Braden Fiske,DL,26,0,731,731,0,0,,
6711,Jalen Thompson,DB,27,0,730,730,0,0,,
7642,Jaycee Horn,DB,26,0,722,722,0,0,,
7677,Divine Deablo,LB,27,0,721,721,0,0,,
6901,Joshua Metellus,DB,28,0,718,718,0,0,,
7666,Jevon Holland,DB,26,0,718,718,0,0,,
4413,Eric Wilson,LB,31,0,717,717,0,0,,
11734,Tyrice Knight,LB,25,0,715,715,0,0,,
5054,Carlton Davis,DB,29,0,712,712,0,0,,
7058,Jaylinn Hawkins,DB,28,0,707,707,0,0,,
4170,Samson Ebukam,DL,31,0,706,706,0,0,,
7670,Joshua Palmer,WR,26,0,703,703,0,0,,
7647,Pete Werner,LB,26,0,702,702,0,0,,
10885,Lukas Van Ness,DL,24,0,701,701,0,0,,
7676,Malcolm Koonce,DL,27,0,700,700,0,0,,
3217,Jihad Ward,DL,,0,0,0,0,0,,
12631,Upton Stout,DB,24,0,695,695,0,0,,
2036,Khalil Mack,LB,35,0,692,692,0,0,,
7687,Nahshon Wright,DB,27,0,691,691,0,0,,
6056,Dre Greenlaw,LB,29,0,688,688,0,0,,
7726,Derrick Barnes,LB,27,0,687,687,0,0,,
5071,DeShon Elliott,DB,29,0,679,679,0,0,,
10889,Tyree Wilson,LB,26,0,678,678,0,0,,
12639,Malachi Moore,DB,24,0,678,678,0,0,,
8362,Leo Chenal,LB,25,0,676,676,0,0,,
12596,Maxwell Hairston,DB,22,0,674,674,0,0,,
11842,Tatum Bethune,LB,25,0,670,670,0,0,,
7342,Michael Hoecht,DL,28,0,661,661,0,0,,
4454,Kendrick Bourne,WR,30,0,658,658,0,0,,
4964,Denzel Ward,DB,29,0,658,658,0,0,,
8270,Devonte Wyatt,DL,28,0,658,658,0,0,,
5230,Michael Badgley,K,,0,0,0,0,0,,
7637,Zaven Collins,LB,27,0,651,651,0,0,,
3634,Kalif Raymond,WR,31,0,648,648,0,0,,
8365,Kyler Gordon,DB,26,0,647,647,0,0,,
10873,Nolan Smith,LB,25,0,642,642,0,0,,
11749,Cam Hart,DB,25,0,642,642,0,0,,
4259,Al-Quadin Muhammad,DL,31,0,641,641,0,0,,
8341,Cam Taylor-Britt,DB,26,0,640,640,0,0,,
8494,James Houston,LB,27,0,635,635,0,0,,
7698,Andre Cisco,DB,26,0,634,634,0,0,,
8680,Jack Gibbens,LB,27,0,629,629,0,0,,
11588,Jawhar Jordan,RB,26,0,626,626,0,0,,
11625,Adonai Mitchell,WR,23,734,626,626,0,0,7,7
12654,Craig Woodson,DB,25,0,624,624,0,0,,
8398,Jermaine Johnson,LB,27,0,621,621,0,0,,
6120,Christian Wilkins,DL,,0,0,0,0,0,,
5378,Jacob Martin,DL,30,0,612,612,0,0,,
7649,Dayo Odeyingbo,DL,26,0,609,609,0,0,,
4177,Mack Hollins,WR,32,0,608,608,0,0,,
11697,Renardo Green,DB,25,0,608,608,0,0,,
6977,Justin Strnad,LB,29,0,604,604,0,0,,
10933,DeMarvion Overshown,LB,25,0,600,600,0,0,,
12487,Terrance Ferguson,TE,23,1053,599,599,0,0,-29,-29
10936,Ji'Ayir Brown,DB,26,0,594,594,0,0,,
6860,Akeem Davis-Gaither,LB,28,0,592,592,0,0,,
8838,Isaiah Pola-Mao,DB,26,0,590,590,0,0,,
6131,Mack Wilson,LB,28,0,587,587,0,0,,
8294,Bryan Cook,DB,26,0,578,578,0,0,,
7133,Isaiah Rodgers,DB,28,0,577,577,0,0,,
5133,Tyler Conklin,TE,30,0,576,576,0,0,,
7674,Patrick Jones,DL,27,0,575,575,0,0,,
3186,Kenny Clark,DL,30,0,571,571,0,0,,
5946,Jamel Dean,DB,29,0,569,569,0,0,,
2449,Stefon Diggs,WR,,0,0,0,0,0,,
2322,Arik Armstead,DL,32,0,564,564,0,0,,
8275,Josh Jobe,DB,28,0,558,558,0,0,,
8290,Sauce Gardner,DB,25,0,556,556,0,0,,
12492,Pat Bryant,WR,23,801,553,553,0,0,-14,-14
8373,Jaylen Watson,DB,27,0,552,552,0,0,,
6836,A.J. Terrell,DB,27,0,549,549,0,0,,
8261,Jack Jones,DB,28,0,548,548,0,0,,
12623,Ashton Gillotte,DL,23,0,548,548,0,0,,
6416,Andrew Wingard,DB,29,0,543,543,0,0,,
6911,Brandon Jones,DB,28,0,542,542,0,0,,
2308,Dante Fowler,LB,31,0,541,541,0,0,,
13075,Myles Price,WR,24,0,540,540,0,0,,
8381,Cobie Durant,DB,28,0,539,539,0,0,,
5272,Greg Joseph,K,,0,0,0,0,0,,
5792,Jeremy Reaves,DB,29,0,538,538,0,0,,
8384,Zyon McCollum,DB,27,0,537,537,0,0,,
7016,Jeremy Chinn,DB,28,0,535,535,0,0,,
7117,L'Jarius Sneed,DB,,0,0,0,0,0,,
8388,Troy Andersen,LB,27,0,531,531,0,0,,
12602,Mykel Williams,DL,21,0,529,529,0,0,,
3156,Joey Bosa,LB,,0,0,0,0,0,,
10231,Elijah Higgins,TE,25,0,528,528,0,0,,
11949,Brayden Narveson,K,,0,0,0,0,0,,
6003,Anthony Nelson,LB,29,0,524,524,0,0,,
3321,Tyreek Hill,WR,,0,0,0,0,0,,
7528,Najee Harris,RB,,0,0,0,0,0,,
12559,Shavon Revel,DB,25,0,507,507,0,0,,
17,Matt Prater,K,,0,0,0,0,0,,
871,Von Miller,LB,,0,0,0,0,0,,
957,Cameron Jordan,DL,,0,0,0,0,0,,
1192,Lavonte David,LB,,0,0,0,0,0,,
1213,Harrison Smith,DB,,0,0,0,0,0,,
1233,Bobby Wagner,LB,,0,0,0,0,0,,
1339,Zach Ertz,TE,,0,0,0,0,0,,
1426,DeAndre Hopkins,WR,,0,0,0,0,0,,
1947,Jadeveon Clowney,DL,,0,0,0,0,0,,
2130,Kyle Van Noy,LB,,0,0,0,0,0,,
2374,Tyler Lockett,WR,,0,0,0,0,0,,
2505,Darren Waller,TE,,0,0,0,0,0,,
2749,Raheem Mostert,RB,,0,0,0,0,0,,
3174,Leonard Floyd,LB,,0,0,0,0,0,,
3200,Sterling Shepard,WR,,0,0,0,0,0,,
4063,Haason Reddick,LB,,0,0,0,0,0,,
4098,Kareem Hunt,RB,,0,0,0,0,0,,
4136,Rasul Douglas,DB,,0,0,0,0,0,,
4381,Taysom Hill,TE,,0,0,0,0,0,,
4427,Kenny Moore,DB,,0,0,0,0,0,,
4663,Austin Ekeler,RB,,0,0,0,0,0,,
5526,Darious Williams,DB,,0,0,0,0,0,,
6151,Miles Sanders,RB,,0,0,0,0,0,,
6291,Donovan Wilson,DB,,0,0,0,0,0,,
7694,Tommy Tremble,TE,26,0,497,497,0,0,,
6943,Gabe Davis,WR,,0,0,0,0,0,,
6301,Nick Scott,DB,31,0,490,490,0,0,,
2592,Grady Jarrett,DL,33,0,488,488,0,0,,
10218,Xavier Hutchinson,WR,26,0,486,486,0,0,,
12581,Darius Alexander,DL,25,0,462,462,0,0,,
10935,Trenton Simpson,LB,24,0,458,458,0,0,,
12648,Cody Simon,LB,24,0,457,457,0,0,,
4018,Joe Mixon,RB,,0,0,0,0,0,,
10923,Dorian Williams,LB,24,0,455,455,0,0,,
4191,Matt Milano,LB,,0,0,0,0,0,,
12495,Ollie Gordon,RB,22,741,452,452,0,0,-24,-24
1479,Keenan Allen,WR,,0,0,0,0,0,,
4982,Mike Hughes,DB,29,0,442,442,0,0,,
4988,Nick Chubb,RB,,0,0,0,0,0,,
8310,Cor'Dale Flott,DB,24,0,437,437,0,0,,
12611,Lathan Ransom,DB,23,0,431,431,0,0,,
11728,Jaden Hicks,DB,23,0,426,426,0,0,,
11592,Erick All,TE,25,0,425,425,0,0,,
6218,E.J. Speed,LB,31,0,417,417,0,0,,
8382,Kingsley Enagbare,DL,26,0,417,417,0,0,,
11643,Jaylen Wright,RB,23,725,408,408,0,0,-30,-30
8360,Logan Hall,DL,26,0,406,406,0,0,,
12658,Jackson Hawes,TE,25,0,404,404,0,0,,
12544,LeQuint Allen,RB,21,565,403,403,0,0,-11,-11
10214,Davis Allen,TE,25,0,397,397,0,0,,
8159,Desmond Ridder,QB,,0,0,0,0,0,,
3369,Elandon Roberts,LB,,0,0,0,0,0,,
4082,Curtis Samuel,WR,,0,0,0,0,0,,
7782,Isaiah McDuffie,LB,26,0,377,377,0,0,,
8325,Arnold Ebiketie,DL,27,0,377,377,0,0,,
6845,Zack Moss,RB,,0,0,0,0,0,,
2197,Brandin Cooks,WR,,0,0,0,0,0,,
5987,Alexander Mattison,RB,,0,0,0,0,0,,
12564,Kenneth Grant,DL,22,0,370,370,0,0,,
11623,Jordan Whittington,WR,25,0,367,367,0,0,,
8168,Skyy Moore,WR,25,0,363,363,0,0,,
3976,Mitchell Trubisky,QB,31,0,360,360,0,0,,
12554,Tyleik Williams,DL,23,0,351,351,0,0,,
6853,Van Jefferson,WR,29,0,348,348,0,0,,
12978,Elijah Ponder,DL,23,0,346,346,0,0,,
6828,AJ Dillon,RB,28,0,344,344,0,0,,
503,Graham Gano,K,,0,0,0,0,0,,
11695,Ruke Orhorhoro,DL,24,0,340,340,0,0,,
11785,Cedric Johnson,DL,23,0,339,339,0,0,,
11377,Tyrell Shavers,WR,26,0,337,337,0,0,,
6268,Matthew Wright,K,,0,0,0,0,0,,
12621,Josaiah Stewart,DL,23,0,334,334,0,0,,
6869,Adam Trautman,TE,29,0,325,325,0,0,,
10904,Keion White,DL,27,0,323,323,0,0,,
12601,Azareye'h Thomas,DB,21,0,321,321,0,0,,
8204,Bo Melton,WR,27,0,320,320,0,0,,
11168,Xavier Smith,WR,28,0,318,318,0,0,,
12538,Brady Cook,QB,24,0,316,316,0,0,,
8390,Martin Emerson,DB,25,0,314,314,0,0,,
3303,Matthew Judon,LB,,0,0,0,0,0,,
6839,Jaylon Johnson,DB,27,0,306,306,0,0,,
12140,Omar Speights,LB,25,0,306,306,0,0,,
5973,Josh Oliver,TE,29,0,302,302,0,0,,
11846,Jowon Briggs,DL,24,0,302,302,0,0,,
1234,Russell Wilson,QB,,0,0,0,0,0,,
2028,Derek Carr,QB,,0,0,0,0,0,,
10943,Isaiah McGuire,DL,24,0,298,298,0,0,,
12595,Trey Amos,DB,24,0,297,297,0,0,,
11691,T'Vondre Sweat,DL,24,0,296,296,0,0,,
11658,Darius Robinson,DL,24,0,294,294,0,0,,
11570,Rasheen Ali,RB,25,0,292,292,0,0,,
10228,Charlie Jones,WR,27,0,290,290,0,0,,
12472,Raheim Sanders,RB,23,0,290,290,0,0,,
12588,Kevin Winston,DB,22,0,289,289,0,0,,
12557,Jahdae Barron,DB,24,0,288,288,0,0,,
10872,Felix Anudike-Uzomah,DL,24,0,287,287,0,0,,
11835,Jaylen Harrell,DL,24,0,287,287,0,0,,
11694,Marshawn Kneeland,DL,,0,0,0,0,0,,
11292,Tommy DeVito,QB,27,0,281,281,0,0,,
11777,Jaylon Carlies,DB,24,0,280,280,0,0,,
12576,Benjamin Morrison,DB,22,0,277,277,0,0,,
7921,Christian Elliss,LB,27,0,276,276,0,0,,
7680,Ifeatu Melifonwu,DB,,0,0,0,0,0,,
2309,Amari Cooper,WR,,0,0,0,0,0,,
4179,Joshua Dobbs,QB,,0,0,0,0,0,,
7681,Baron Browning,LB,27,0,269,269,0,0,,
11731,Malik Mustapha,DB,23,0,268,268,0,0,,
12560,Shemar Stewart,DL,22,0,265,265,0,0,,
5049,Harrison Phillips,DL,30,0,264,264,0,0,,
12584,Darien Porter,DB,25,0,264,264,0,0,,
7891,Brock Wright,TE,27,0,263,263,0,0,,
7596,Elijah Moore,WR,26,0,257,257,0,0,,
8116,Pierre Strong,RB,27,0,257,257,0,0,,
8318,Jayden Peevy,DL,,0,0,0,0,0,,
11819,Levi Drake Rodriguez,DL,25,0,253,253,0,0,,
3286,Demarcus Robinson,WR,31,0,251,251,0,0,,
7537,Jaret Patterson,RB,26,0,251,251,0,0,,
11748,Bub Means,WR,25,0,251,251,0,0,,
12622,Nohl Williams,DB,23,0,245,245,0,0,,
8135,Treylon Burks,WR,26,0,240,240,0,0,,
10957,Adetomiwa Adebawore,DL,25,0,240,240,0,0,,
11861,Jacoby Windmon,LB,,0,0,0,0,0,,
10989,Jaquelin Roy,DL,,0,0,0,0,0,,
11771,Chau Smith-Wade,DB,23,0,229,229,0,0,,
12675,Jason Marshall,DB,23,0,227,227,0,0,,
5937,Diontae Johnson,WR,,0,0,0,0,0,,
10879,Calijah Kancey,DL,25,0,219,219,0,0,,
2711,Taylor Heinicke,QB,,0,0,0,0,0,,
11352,Ronnie Hickman,DB,24,0,217,217,0,0,,
12579,Jordan Burch,DL,24,0,217,217,0,0,,
6427,Ashton Dulin,WR,29,0,214,214,0,0,,
8305,Montaric Brown,DB,26,0,211,211,0,0,,
12636,Que Robinson,LB,25,0,209,209,0,0,,
11679,Chris Braswell,LB,24,0,208,208,0,0,,
4464,Nick Mullens,QB,31,0,204,204,0,0,,
7066,K.J. Osborn,WR,28,0,204,204,0,0,,
7664,Christian Barmore,DL,26,0,201,201,0,0,,
11237,Jacob Saylors,RB,25,0,201,201,0,0,,
8358,Josh Paschal,DL,,0,0,0,0,0,,
5938,Lil'Jordan Humphrey,WR,28,0,197,197,0,0,,
11021,Desjuan Johnson,DL,26,0,196,196,0,0,,
7679,Alim McNeill,DL,26,0,195,195,0,0,,
11860,Beanie Bishop,DB,26,0,195,195,0,0,,
10976,Kyu Blu Kelly,DB,,0,0,0,0,0,,
11720,Marist Liufau,LB,25,0,193,193,0,0,,
11640,Jermaine Burton,WR,,0,0,0,0,0,,
8380,Thomas Booker,DL,26,0,191,191,0,0,,
11593,Brevyn Spann-Ford,TE,26,0,190,190,0,0,,
6220,Cole Holcomb,LB,29,0,189,189,0,0,,
10954,Clark Phillips,DB,24,0,189,189,0,0,,
11299,Zavier Scott,RB,26,0,189,189,0,0,,
4234,Noah Brown,WR,,0,0,0,0,0,,
11698,Maason Smith,DL,23,0,186,186,0,0,,
8127,Charlie Kolar,TE,27,0,185,185,0,0,,
11778,Jordan Magee,LB,25,0,185,185,0,0,,
11693,Max Melton,DB,24,0,184,184,0,0,,
11052,Jaylon Jones,DB,24,0,183,183,0,0,,
12594,JT Tuimoloau,DL,23,0,183,183,0,0,,
5334,Josey Jewell,LB,,0,0,0,0,0,,
12694,RJ Mickens,DB,24,0,180,180,0,0,,
4171,Josh Reynolds,WR,,0,0,0,0,0,,
11370,Chris Brooks,RB,26,307,178,178,0,0,-27,-27
12183,Chris Roland-Wallace,DB,24,0,178,178,0,0,,
6921,Josh Uche,LB,27,0,177,177,0,0,,
10871,Luke Schoonmaker,TE,27,0,177,177,0,0,,
11895,Mason Tipton,WR,25,0,177,177,0,0,,
12971,Ke'Shawn Williams,WR,24,0,176,176,0,0,,
11574,Dylan Laube,RB,26,0,170,170,0,0,,
8220,Sincere McCormick,RB,,0,0,0,0,0,,
10216,Kenny McIntosh,RB,26,0,167,167,0,0,,
2359,Ameer Abdullah,RB,32,0,163,163,0,0,,
8368,Sam Williams,DL,27,0,163,163,0,0,,
12720,Zeek Biggers,DL,22,0,163,163,0,0,,
7018,Malcolm Roach,DL,27,0,162,162,0,0,,
7757,Ben Skowronek,WR,28,0,161,161,0,0,,
11692,Mike Hall,DL,22,0,161,161,0,0,,
7301,Tershawn Wharton,DL,27,0,159,159,0,0,,
11068,Mitch Tinsley,WR,26,0,158,158,0,0,,
7629,Payton Turner,DL,27,0,157,157,0,0,,
7842,Luke Farrell,TE,28,0,156,156,0,0,,
9492,Trey Palmer,WR,25,0,156,156,0,0,,
11744,Dadrion Taylor-Demerson,DB,25,0,156,156,0,0,,
12583,Oluwafemi Oladejo,DL,22,0,156,156,0,0,,
10932,Garrett Williams,DB,25,0,153,153,0,0,,
11193,Brenton Cox,LB,26,0,153,153,0,0,,
7024,James Smith-Williams,DL,,0,0,0,0,0,,
11320,Nikko Remigio,WR,26,0,151,151,0,0,,
12612,T.J. Sanders,DL,22,0,148,148,0,0,,
12910,B.J. Green,DL,22,0,148,148,0,0,,
8254,Julius Chestnut,RB,25,0,147,147,0,0,,
11762,Anthony Gould,WR,25,0,145,145,0,0,,
12683,Tyrion Ingram-Dawkins,DL,22,0,145,145,0,0,,
12037,Reddy Steward,DB,25,0,144,144,0,0,,
829,Andy Dalton,QB,38,0,143,143,0,0,,
4068,Mike Williams,WR,,0,0,0,0,0,,
4449,Nicholas Morrow,LB,,0,0,0,0,0,,
10234,Derius Davis,WR,25,0,142,142,0,0,,
12638,Quincy Riley,DB,25,0,142,142,0,0,,
7612,Dee Eskridge,WR,,0,0,0,0,0,,
8200,Kevin Austin,WR,26,0,141,141,0,0,,
8278,Christian Harris,LB,25,0,141,141,0,0,,
6814,Laviska Shenault,WR,,0,0,0,0,0,,
11872,Thomas Harper,DB,25,0,139,139,0,0,,
12142,Jaylen McCollough,DB,25,0,139,139,0,0,,
4965,Marcus Davenport,DL,,0,0,0,0,0,,
9495,Rakim Jarrett,WR,,0,0,0,0,0,,
5257,Tim Boyle,QB,,0,0,0,0,0,,
11037,Cory Trice,DB,,0,0,0,0,0,,
11306,Xavier Gipson,WR,25,0,136,136,0,0,,
11651,Isaac Guerendo,RB,25,154,136,136,0,0,11,11
12644,Barryn Sorrell,DL,23,0,134,134,0,0,,
5917,Mecole Hardman,WR,28,0,133,133,0,0,,
11596,Ben Sinnott,TE,23,228,133,133,0,0,-27,-27
11688,Kris Jenkins,DL,24,0,133,133,0,0,,
12539,Arian Smith,WR,24,0,133,133,0,0,,
4111,D'Onta Foreman,RB,,0,0,0,0,0,,
7496,Nick Westbrook-Ikhine,WR,29,0,132,132,0,0,,
12269,Brandon Codrington,DB,25,0,132,132,0,0,,
12590,Alfred Collins,DL,24,0,132,132,0,0,,
12671,Elijah Roberts,DL,24,0,132,132,0,0,,
12900,Danny Striggow,DL,23,0,132,132,0,0,,
3225,Tyler Boyd,WR,,0,0,0,0,0,,
6011,Gardner Minshew,QB,30,181,131,131,0,0,-10,-10
8271,Derion Kendrick,DB,25,0,131,131,0,0,,
10993,Tre Hawkins,DB,25,0,131,131,0,0,,
11798,Zion Logue,DL,23,0,131,131,0,0,,
12649,C.J. West,DL,23,0,131,131,0,0,,
11923,Evan Anderson,DL,24,0,130,130,0,0,,
12610,Princely Umanmielen,DL,24,0,128,128,0,0,,
4574,Cooper Rush,QB,,0,0,0,0,0,,
5842,Clelin Ferrell,DL,,0,0,0,0,0,,
10908,BJ Ojulari,DL,24,0,126,126,0,0,,
5348,Kyzir White,LB,,0,0,0,0,0,,
12650,Danny Stutsman,LB,23,0,124,124,0,0,,
6809,Trevon Diggs,DB,,0,0,0,0,0,,
8160,Kenny Pickett,QB,27,0,123,123,0,0,,
7231,LaCale London,DL,28,0,122,122,0,0,,
8177,Grant Calcaterra,TE,27,0,122,122,0,0,,
11736,Jordan Jefferson,DL,24,0,122,122,0,0,,
12031,Leonard Taylor,DL,24,0,122,122,0,0,,
12615,Omarr Norman-Lott,DL,24,0,122,122,0,0,,
11582,Carson Steele,RB,23,0,121,121,0,0,,
8145,Jeremy Ruckert,TE,25,0,120,120,0,0,,
3222,Deion Jones,LB,,0,0,0,0,0,,
5248,Gus Edwards,RB,,0,0,0,0,0,,
6960,Tyler Johnson,WR,27,0,118,118,0,0,,
10939,Jay Ward,DB,25,0,118,118,0,0,,
7989,DJ Turner,WR,,0,0,0,0,0,,
11701,Junior Colson,LB,23,0,117,117,0,0,,
6847,Devin Duvernay,WR,28,0,116,116,0,0,,
5882,Taylor Rapp,DB,,0,0,0,0,0,,
6136,Jarrett Stidham,QB,29,0,115,115,0,0,,
12665,Yahya Black,DL,24,0,115,115,0,0,,
6811,Kenneth Murray,LB,,0,0,0,0,0,,
11034,Jalen Brooks,WR,26,0,114,114,0,0,,
8540,Sam Okuayinonu,DL,28,0,113,113,0,0,,
8253,Deven Thompkins,WR,,0,0,0,0,0,,
11706,DeWayne Carter,DL,25,0,112,112,0,0,,
12630,Nick Martin,LB,23,0,112,112,0,0,,
10952,Colby Wooden,DL,25,0,111,111,0,0,,
5934,Charles Omenihu,DL,28,0,110,110,0,0,,
12620,Jamaree Caldwell,DL,25,0,109,109,0,0,,
2152,Teddy Bridgewater,QB,33,0,108,108,0,0,,
10984,Noah Sewell,LB,24,0,107,107,0,0,,
11619,Ja'Lynn Polk,WR,24,126,107,107,0,0,6,6
11808,Jha'Quan Jackson,WR,26,0,107,107,0,0,,
4992,Dante Pettis,WR,,0,0,0,0,0,,
10862,Dorian Thompson-Robinson,QB,,0,0,0,0,0,,
10925,Byron Young,DL,25,0,106,106,0,0,,
260,Josh Johnson,QB,40,0,105,105,0,0,,
11799,Tyler Davis,DL,25,0,105,105,0,0,,
5955,Hunter Renfrow,WR,,0,0,0,0,0,,
7559,Ihmir Smith-Marsette,WR,26,0,103,103,0,0,,
8527,Dareke Young,WR,26,0,103,103,0,0,,
6938,Cam Akers,RB,,0,0,0,0,0,,
6958,Mike Danna,DL,28,0,102,102,0,0,,
7713,Jaelon Darden,WR,,0,0,0,0,0,,
7630,Greg Newsome,DB,26,0,101,101,0,0,,
11616,Jacob Cowing,WR,25,0,101,101,0,0,,
7722,Bobby Brown,DL,25,0,100,100,0,0,,
12668,Marques Sigle,DB,23,0,100,100,0,0,,
4198,Jamal Agnew,WR,,0,0,0,0,0,,
5015,Sam Hubbard,DL,,0,0,0,0,0,,
7693,Chauncey Golston,DL,28,0,99,99,0,0,,
10903,Quan Martin,DB,26,0,99,99,0,0,,
10929,Drew Sanders,LB,24,0,99,99,0,0,,
11421,Ryan Miller,WR,26,0,99,99,0,0,,
12673,Dante Trader,DB,23,0,99,99,0,0,,
1348,Dustin Hopkins,K,,0,0,0,0,0,,
7039,Cody White,WR,27,0,98,98,0,0,,
7634,Jamin Davis,LB,,0,0,0,0,0,,
8331,Otito Ogbonnia,DL,25,0,98,98,0,0,,
11233,Ty Okada,DB,26,0,98,98,0,0,,
8139,Zamir White,RB,,0,0,0,0,0,,
8857,Kader Kohou,DB,27,0,97,97,0,0,,
11759,Javon Solomon,DL,25,0,97,97,0,0,,
11807,Darius Muasau,LB,25,0,97,97,0,0,,
7818,T.J. Slaton,DL,28,0,96,96,0,0,,
8322,Jesse Luketa,LB,27,0,96,96,0,0,,
10212,Josh Whyle,TE,26,0,96,96,0,0,,
10958,Dylan Horton,DL,25,0,96,96,0,0,,
10962,Kelee Ringo,DB,23,0,96,96,0,0,,
4951,DJ Chark,WR,,0,0,0,0,0,,
8129,Dameon Pierce,RB,26,0,95,95,0,0,,
8255,Raheem Blackshear,RB,,0,0,0,0,0,,
8347,Eyioma Uwazurike,DL,28,0,95,95,0,0,,
3164,Ezekiel Elliott,RB,,0,0,0,0,0,,
7727,Cameron Sample,DL,26,0,94,94,0,0,,
8303,Roger McCreary,DB,26,0,94,94,0,0,,
8363,Jack Sanborn,LB,25,0,94,94,0,0,,
11433,Nate Adkins,TE,26,0,94,94,0,0,,
11847,James Williams,DB,23,0,94,94,0,0,,
5096,Ray-Ray McCloud,WR,,0,0,0,0,0,,
7610,Trey Lance,QB,26,102,93,93,0,0,13,13
10947,Ventrell Miller,LB,27,0,93,93,0,0,,
6588,Tom Kennedy,WR,29,0,92,92,0,0,,
7535,Hunter Long,TE,27,0,92,92,0,0,,
11009,Karl Brooks,DL,26,0,92,92,0,0,,
3357,Brandon Allen,QB,33,0,91,91,0,0,,
5185,Allen Lazard,WR,,0,0,0,0,0,,
11319,Truman Jones,DL,26,0,91,91,0,0,,
7653,Azeez Ojulari,LB,25,0,90,90,0,0,,
8383,Cameron Thomas,DL,26,0,90,90,0,0,,
11015,Dante Stills,DL,26,0,90,90,0,0,,
13150,Darius Cooper,WR,24,0,90,90,0,0,,
4080,Zay Jones,WR,,0,0,0,0,0,,
6817,Noah Igbinoghene,DB,26,0,89,89,0,0,,
7823,Nate Hobbs,DB,26,0,88,88,0,0,,
7970,Ar'Darius Washington,DB,26,0,88,88,0,0,,
11350,Mohamoud Diabate,LB,25,0,88,88,0,0,,
10926,Marte Mapu,DB,26,0,87,87,0,0,,
11769,Caelen Carson,DB,24,0,87,87,0,0,,
10235,Roschon Johnson,RB,25,0,86,86,0,0,,
10988,Cameron Mitchell,DB,24,0,86,86,0,0,,
12412,Terrell Jennings,RB,25,0,86,86,0,0,,
4129,Jourdan Lewis,DB,30,0,85,85,0,0,,
4979,Jaire Alexander,DB,,0,0,0,0,0,,
11343,Starling Thomas,DB,26,0,85,85,0,0,,
10972,Terell Smith,DB,26,0,84,84,0,0,,
11816,Javontae Jean-Baptiste,DL,26,0,84,84,0,0,,
10906,JuJu Brents,DB,26,0,83,83,0,0,,
6798,Jalen Reagor,WR,27,0,82,82,0,0,,
8181,Connor Heyward,TE,27,0,82,82,0,0,,
7685,Brandon Stephens,DB,28,0,81,81,0,0,,
8327,Amare Barno,DL,,0,0,0,0,0,,
11042,Carrington Valentine,DB,24,0,81,81,0,0,,
2325,Nelson Agholor,WR,,0,0,0,0,0,,
11512,Tyrus Wheat,DL,26,0,80,80,0,0,,
11836,Myles Harden,DB,24,0,80,80,0,0,,
4174,Deatrich Wise,DL,31,0,79,79,0,0,,
5036,Justin Reid,DB,29,0,77,77,0,0,,
5880,Parris Campbell,WR,,0,0,0,0,0,,
8635,Chandler Wooten,LB,,0,0,0,0,0,,
10941,Tyler Lacy,DL,26,0,77,77,0,0,,
11765,Kris Abrams-Draine,DB,24,0,77,77,0,0,,
11893,Isaiah Stalbird,LB,25,0,77,77,0,0,,
13156,Keondre Jackson,DB,24,0,77,77,0,0,,
2410,Jamison Crowder,WR,,0,0,0,0,0,,
4149,Jamaal Williams,RB,,0,0,0,0,0,,
5020,B.J. Hill,DL,31,0,76,76,0,0,,
11755,Qwan'tez Stiggers,DB,24,0,76,76,0,0,,
12730,Micah Robinson,DB,24,0,75,75,0,0,,
9220,Evan Hull,RB,25,0,74,74,0,0,,
13107,Johnathan Edwards,DB,24,0,74,74,0,0,,
5086,Marquez Valdes-Scantling,WR,31,0,73,73,0,0,,
6948,Leki Fotu,DL,27,0,73,73,0,0,,
11378,Jordan Mims,RB,26,0,73,73,0,0,,
12491,Corey Kiner,RB,24,0,73,73,0,0,,
8219,Jelani Woods,TE,27,0,72,72,0,0,,
8391,Dominique Robinson,DL,27,0,72,72,0,0,,
4065,Derek Barnett,DL,,0,0,0,0,0,,
6963,Patrick Taylor,RB,28,0,71,71,0,0,,
7720,Kene Nwangwu,RB,28,0,71,71,0,0,,
8123,Hassan Haskins,RB,,0,0,0,0,0,,
8309,Damone Clark,LB,25,0,71,71,0,0,,
1264,Justin Tucker,K,,0,0,0,0,0,,
6402,Steven Sims,WR,,0,0,0,0,0,,
6931,DeeJay Dallas,RB,27,0,70,70,0,0,,
8413,Chris Oladokun,QB,28,0,70,70,0,0,,
10991,KJ Henry,DL,27,0,70,70,0,0,,
8076,Michael Bandy,WR,28,0,69,69,0,0,,
8375,Kalia Davis,DL,27,0,69,69,0,0,,
12712,Marcus Harris,DB,25,0,69,69,0,0,,
7608,Khalil Herbert,RB,,0,0,0,0,0,,
11000,Zaire Barnes,LB,26,0,66,66,0,0,,
12147,Storm Duck,DB,25,0,66,66,0,0,,
8296,Kaiir Elam,DB,25,0,65,65,0,0,,
6154,David Sills,WR,30,0,64,64,0,0,,
5366,Tim Settle,DL,28,0,63,63,0,0,,
3269,Chris Moore,WR,,0,0,0,0,0,,
4086,DeMarcus Walker,DL,,0,0,0,0,0,,
5010,Will Dissly,TE,,0,0,0,0,0,,
6060,Sean Murphy-Bunting,DB,28,0,62,62,0,0,,
6792,Javon Kinlaw,DL,28,0,62,62,0,0,,
8207,Tyler Goodson,RB,25,0,62,62,0,0,,
11014,Kei'Trel Clark,DB,25,0,62,62,0,0,,
12083,Winston Reid,LB,26,0,62,62,0,0,,
13172,Keyon Martin,DB,25,0,62,62,0,0,,
3218,A'Shawn Robinson,DL,31,0,61,61,0,0,,
4148,Carl Lawson,DL,,0,0,0,0,0,,
5375,Jordan Whitehead,DB,,0,0,0,0,0,,
6216,Ugo Amadi,DB,,0,0,0,0,0,,
11157,Brycen Tremayne,WR,26,0,61,61,0,0,,
11427,Christian Izien,DB,25,0,61,61,0,0,,
11615,Ainias Smith,WR,25,0,61,61,0,0,,
5351,Da'Shawn Hand,DL,30,0,60,60,0,0,,
6880,Logan Wilson,LB,,0,0,0,0,0,,
8195,Ronnie Rivers,RB,27,0,60,60,0,0,,
8230,Ty Chandler,RB,28,0,60,60,0,0,,
11338,Cory Durden,DL,27,0,60,60,0,0,,
5409,Tanner Hudson,TE,31,0,59,59,0,0,,
6144,Trayveon Williams,RB,,0,0,0,0,0,,
6858,James Lynch,DL,27,0,59,59,0,0,,
7125,Khalil Davis,DL,,0,0,0,0,0,,
7283,Chris Williams,DL,27,0,59,59,0,0,,
7799,Roy Lopez,DL,28,0,59,59,0,0,,
7809,Avery Williams,RB,,0,0,0,0,0,,
8295,Zach Carter,DL,27,0,59,59,0,0,,
8397,Juanyeh Thomas,DB,25,0,59,59,0,0,,
9505,Deuce Vaughn,RB,,0,0,0,0,0,,
10918,Mekhi Blackmon,DB,27,0,59,59,0,0,,
11770,JD Bertrand,LB,26,0,59,59,0,0,,
4351,Tim Patrick,WR,32,0,58,58,0,0,,
5121,Braxton Berrios,WR,30,0,58,58,0,0,,
7661,Levi Onwuzurike,DL,28,0,58,58,0,0,,
8316,Micheal Clemons,DL,28,0,58,58,0,0,,
11764,Josh Newton,DB,25,0,58,58,0,0,,
12132,Josh Wallace,DB,25,0,58,58,0,0,,
12717,Trikweze Bridges,DB,25,0,58,58,0,0,,
11605,Jaheim Bell,TE,24,0,57,57,0,0,,
12115,Dell Pettus,DB,25,0,57,57,0,0,,
5032,Jordan Akins,TE,,0,0,0,0,0,,
5695,Brandon Powell,WR,,0,0,0,0,0,,
7721,Chris Rumph,LB,27,0,56,56,0,0,,
7776,Israel Mukuamu,DB,,0,0,0,0,0,,
7849,Charles Snowden,LB,,0,0,0,0,0,,
8860,Tony Adams,DB,27,0,56,56,0,0,,
6848,Anfernee Jennings,LB,28,0,55,55,0,0,,
7595,Tylan Wallace,WR,27,0,55,55,0,0,,
7716,John Bates,TE,28,0,55,55,0,0,,
11257,Shedrick Jackson,WR,26,0,55,55,0,0,,
12234,Shemar Bartholomew,DB,25,0,55,55,0,0,,
11027,Alex Austin,DB,25,0,54,54,0,0,,
5051,Donte Jackson,DB,30,0,53,53,0,0,,
10215,Jake Haener,QB,,0,0,0,0,0,,
5158,Dennis Gardeck,LB,31,0,52,52,0,0,,
6812,Yetur Gross-Matos,DL,,0,0,0,0,0,,
8414,Britain Covey,WR,29,0,52,52,0,0,,
11336,Eku Leota,LB,27,0,52,52,0,0,,
11897,Jermaine Jackson,WR,,0,0,0,0,0,,
2330,Shaq Thompson,LB,,0,0,0,0,0,,
3256,Javon Hargrave,DL,33,0,51,51,0,0,,
5493,Charvarius Ward,DB,30,0,51,51,0,0,,
6234,Deonte Harty,WR,,0,0,0,0,0,,
8367,D'Marco Jackson,LB,27,0,51,51,0,0,,
8423,Brittain Brown,RB,28,0,51,51,0,0,,
8850,Ben Stille,DL,,0,0,0,0,0,,
6825,Neville Gallimore,DL,29,0,50,50,0,0,,
7438,Kristian Wilkerson,WR,,0,0,0,0,0,,
7443,Teair Tart,DL,29,0,50,50,0,0,,
11963,Chris Collier,RB,26,0,50,50,0,0,,
3238,Yannick Ngakoue,DL,,0,0,0,0,0,,
5226,Poona Ford,DL,30,0,49,49,0,0,,
5928,David Long,LB,,0,0,0,0,0,,
7565,Terrace Marshall,WR,25,0,49,49,0,0,,
7655,Asante Samuel,DB,26,0,49,49,0,0,,
8223,Velus Jones,WR,29,0,49,49,0,0,,
8492,Sam Roberts,DL,28,0,49,49,0,0,,
8736,Elijah Garcia,DL,28,0,49,49,0,0,,
11210,Malik Heath,WR,25,0,49,49,0,0,,
11633,Jamari Thrash,WR,25,0,49,49,0,0,,
3188,Sheldon Rankins,DL,32,0,48,48,0,0,,
6941,Troy Dye,LB,29,0,48,48,0,0,,
8202,Michael Woods,WR,26,0,48,48,0,0,,
8618,Marcelino McCrary-Ball,LB,27,0,48,48,0,0,,
4059,Marshon Lattimore,DB,,0,0,0,0,0,,
4415,Adam Butler,DL,32,0,47,47,0,0,,
5043,Nathan Shepherd,DL,32,0,47,47,0,0,,
5371,Kentavius Street,DL,30,0,47,47,0,0,,
7268,Krys Barnes,LB,,0,0,0,0,0,,
7419,James Pierre,DB,29,0,47,47,0,0,,
7796,Brandin Echols,DB,28,0,47,47,0,0,,
8809,Aaron Shampklin,RB,,0,0,0,0,0,,
12787,Josh Williams,RB,24,0,47,47,0,0,,
13101,Gage Larvadain,WR,24,0,47,47,0,0,,
5860,Johnathan Abram,DB,,0,0,0,0,0,,
5985,Foster Moreau,TE,29,0,46,46,0,0,,
6829,Kristian Fulton,DB,27,0,46,46,0,0,,
6841,Jordan Elliott,DL,28,0,46,46,0,0,,
7816,Jason Pinnock,DB,26,0,46,46,0,0,,
8206,Skylar Thompson,QB,28,0,46,46,0,0,,
8869,J.J. Russell,LB,,0,0,0,0,0,,
11348,Trevor Nowaske,LB,27,0,46,46,0,0,,
11535,Josh Butler,DB,29,0,46,46,0,0,,
3743,Morgan Fox,DL,,0,0,0,0,0,,
4089,Gerald Everett,TE,,0,0,0,0,0,,
4278,D.J. Jones,DL,31,0,45,45,0,0,,
6791,C.J. Henderson,DB,27,0,45,45,0,0,,
6996,JaMycal Hasty,RB,,0,0,0,0,0,,
9497,Jalin Hyatt,WR,24,0,45,45,0,0,,
4075,Charles Harris,LB,,0,0,0,0,0,,
5073,Sebastian Joseph-Day,DL,31,0,44,44,0,0,,
5075,Ogbo Okoronkwo,LB,,0,0,0,0,0,,
6999,Benito Jones,DL,28,0,44,44,0,0,,
7606,Kadarius Toney,WR,,0,0,0,0,0,,
7853,Naquan Jones,DL,28,0,44,44,0,0,,
8001,Malik Herring,DL,28,0,44,44,0,0,,
10985,Jordan Howden,DB,26,0,44,44,0,0,,
11019,Erick Hallett,DB,26,0,44,44,0,0,,
11474,Dylan Drummond,WR,26,0,44,44,0,0,,
11806,Casey Washington,WR,25,0,44,44,0,0,,
2993,Rakeem Nunez-Roches,DL,32,0,43,43,0,0,,
3252,Kendall Fuller,DB,,0,0,0,0,0,,
3276,De'Vondre Campbell,LB,,0,0,0,0,0,,
4203,Anthony Walker,LB,,0,0,0,0,0,,
5056,Jerome Baker,LB,,0,0,0,0,0,,
5374,Justin Watson,WR,30,0,43,43,0,0,,
6179,Jahlani Tavai,LB,,0,0,0,0,0,,
6864,Khalid Kareem,DL,28,0,43,43,0,0,,
7625,Joe Tryon-Shoyinka,LB,27,0,43,43,0,0,,
8328,Nephi Sewell,LB,27,0,43,43,0,0,,
8691,Vi Jones,LB,,0,0,0,0,0,,
4973,Hayden Hurst,TE,,0,0,0,0,0,,
5057,Tyquan Lewis,DL,,0,0,0,0,0,,
6598,Trenton Irwin,WR,,0,0,0,0,0,,
7023,Willie Gay,LB,28,0,42,42,0,0,,
7222,Myles Adams,DL,28,0,42,42,0,0,,
7682,Elijah Molden,DB,27,0,42,42,0,0,,
8334,Malcolm Rodriguez,LB,27,0,42,42,0,0,,
8756,Brandon Johnson,WR,27,0,42,42,0,0,,
11230,Patrick O'Connell,LB,27,0,42,42,0,0,,
11921,Xavier Weaver,WR,25,0,42,42,0,0,,
2389,Jordan Hicks,LB,,0,0,0,0,0,,
2750,DeAndre Carter,WR,,0,0,0,0,0,,
5002,Maurice Hurst,DL,,0,0,0,0,0,,
7746,Austin Trammell,WR,27,0,41,41,0,0,,
8276,Jalyn Armour-Davis,DB,,0,0,0,0,0,,
11454,Otis Reese,LB,27,0,41,41,0,0,,
1352,Robert Woods,WR,,0,0,0,0,0,,
3220,Jarran Reed,DL,33,0,40,40,0,0,,
4078,Adoree' Jackson,DB,,0,0,0,0,0,,
5347,Nyheim Miller-Hines,RB,,0,0,0,0,0,,
8478,Samuel Womack,DB,26,0,40,40,0,0,,
9490,Tyler Scott,WR,24,0,40,40,0,0,,
12957,Corey Thornton,DB,26,0,40,40,0,0,,
3681,Michael Pierce,DL,,0,0,0,0,0,,
6855,Ashtyn Davis,DB,29,0,39,39,0,0,,
7030,Casey Toohill,DL,,0,0,0,0,0,,
7233,Andre Baccellia,WR,,0,0,0,0,0,,
8496,Theo Jackson,DB,27,0,39,39,0,0,,
10919,Sydney Brown,DB,26,0,39,39,0,0,,
1266,Greg Zuerlein,K,,0,0,0,0,0,,
4240,Jeremiah Ledbetter,DL,,0,0,0,0,0,,
7671,Benjamin St-Juste,DB,28,0,38,38,0,0,,
4090,Raekwon McMillan,LB,,0,0,0,0,0,,
4238,Xavier Woods,DB,,0,0,0,0,0,,
4854,River Cracraft,WR,,0,0,0,0,0,,
5000,Chase Edmonds,RB,,0,0,0,0,0,,
5021,Lorenzo Carter,LB,,0,0,0,0,0,,
6001,Drew Sample,TE,30,0,37,37,0,0,,
6290,Scotty Miller,WR,28,0,37,37,0,0,,
7344,Jonah Williams,DL,30,0,37,37,0,0,,
11160,Nick Whiteside,DB,26,0,37,37,0,0,,
3304,Quinton Jefferson,DL,,0,0,0,0,0,,
5113,Cedrick Wilson,WR,30,0,36,36,0,0,,
6610,Demetrius Flannigan-Fowles,LB,29,0,36,36,0,0,,
7602,Kylen Granson,TE,28,0,36,36,0,0,,
3433,Alex Erickson,WR,,0,0,0,0,0,,
7045,Joshua Kelley,RB,,0,0,0,0,0,,
10978,Darrell Luter,DB,26,0,35,35,0,0,,
11481,Natrone Brooks,DB,26,0,35,35,0,0,,
12050,Dee Williams,DB,,0,0,0,0,0,,
5025,Ronnie Harrison,DB,29,0,34,34,0,0,,
5090,Folorunso Fatukasi,DL,,0,0,0,0,0,,
6851,Julian Okwara,LB,28,0,34,34,0,0,,
8849,Tanner Conner,TE,28,0,34,34,0,0,,
3207,Andrew Billings,DL,31,0,33,33,0,0,,
5920,Will Harris,DB,30,0,33,33,0,0,,
6177,Khalen Saunders,DL,,0,0,0,0,0,,
6972,DaVon Hamilton,DL,29,0,33,33,0,0,,
7628,Eric Stokes,DB,27,0,33,33,0,0,,
12699,LaJohntay Wester,WR,24,0,33,33,0,0,,
12897,Nathan Carter,RB,24,0,33,33,0,0,,
3197,Emmanuel Ogbah,DL,,0,0,0,0,0,,
3281,David Onyemata,DL,33,0,32,32,0,0,,
4113,Dawuane Smoot,DL,,0,0,0,0,0,,
7593,Trey Sermon,RB,,0,0,0,0,0,,
8666,Darrell Baker,DB,28,0,32,32,0,0,,
10225,Jonathan Mingo,WR,25,0,32,32,0,0,,
1932,DaQuan Jones,DL,,0,0,0,0,0,,
1992,Allen Robinson,WR,,0,0,0,0,0,,
3262,Justin Simmons,DB,,0,0,0,0,0,,
4274,David Moore,WR,31,0,31,31,0,0,,
6867,Malik Harrison,LB,28,0,31,31,0,0,,
6957,James Proche,WR,,0,0,0,0,0,,
7536,Quintin Morris,TE,27,0,31,31,0,0,,
8227,Teagan Quitoriano,TE,26,0,31,31,0,0,,
8489,Drew Ogletree,TE,27,0,31,31,0,0,,
11729,Sione Vaki,RB,24,0,31,31,0,0,,
3423,Robbie Chosen,WR,,0,0,0,0,0,,
4058,Solomon Thomas,DL,30,0,30,30,0,0,,
4140,Shaquill Griffin,DB,,0,0,0,0,0,,
4995,Ian Thomas,TE,29,0,30,30,0,0,,
5613,Bruce Hector,DL,,0,0,0,0,0,,
5888,Amani Oruwariye,DB,30,0,30,30,0,0,,
5981,Greg Gaines,DL,,0,0,0,0,0,,
8197,Peyton Hendershot,TE,,0,0,0,0,0,,
8416,Jalen Virgil,WR,27,0,30,30,0,0,,
8506,Nazeeh Johnson,DB,,0,0,0,0,0,,
8749,Tyreik McAllister,RB,,0,0,0,0,0,,
10221,Ronnie Bell,WR,26,0,30,30,0,0,,
2429,Kwon Alexander,LB,,0,0,0,0,0,,
4054,Mo Alie-Cox,TE,32,0,29,29,0,0,,
7436,Mason Kinsey,WR,27,0,29,29,0,0,,
3230,Vonn Bell,DB,,0,0,0,0,0,,
3526,Roy Robertson-Harris,DL,32,0,28,28,0,0,,
4092,Dalvin Tomlinson,DL,32,0,28,28,0,0,,
4106,Larry Ogunjobi,DL,,0,0,0,0,0,,
7662,Richie Grant,DB,,0,0,0,0,0,,
8399,Markquese Bell,DB,27,0,28,28,0,0,,
10867,Jake Bobo,WR,27,0,28,28,0,0,,
11959,Bryce Oliver,WR,26,0,28,28,0,0,,
12171,British Brooks,RB,26,0,28,28,0,0,,
2340,Mario Edwards,DL,,0,0,0,0,0,,
3246,Daryl Worley,DB,,0,0,0,0,0,,
4114,Tanoh Kpassagnon,DL,,0,0,0,0,0,,
4314,Johnny Mundt,TE,31,0,27,27,0,0,,
6129,Jerry Tillery,DL,29,0,27,27,0,0,,
6314,Cam Lewis,DB,29,0,27,27,0,0,,
7756,Khyiris Tonga,DL,29,0,27,27,0,0,,
8583,Stone Smartt,TE,27,0,27,27,0,0,,
8844,Sam Webb,DB,,0,0,0,0,0,,
11636,Johnny Wilson,WR,25,0,27,27,0,0,,
11820,Devin Culp,TE,26,0,27,27,0,0,,
2355,Ronald Darby,DB,,0,0,0,0,0,,
3258,Nick Vannett,TE,,0,0,0,0,0,,
4072,Tre'Davious White,DB,,0,0,0,0,0,,
4132,Montravius Adams,DL,,0,0,0,0,0,,
5044,Isaiah Oliver,DB,,0,0,0,0,0,,
6467,Jonathan Harris,DL,,0,0,0,0,0,,
8250,Tay Martin,WR,,0,0,0,0,0,,
10220,Will Mallory,TE,26,0,26,26,0,0,,
2446,MyCole Pruitt,TE,,0,0,0,0,0,,
3241,Jonathan Bullard,DL,32,0,25,25,0,0,,
4074,Malik Hooker,DB,30,0,25,25,0,0,,
5222,Jalen Davis,DB,30,0,25,25,0,0,,
5361,Avonte Maddox,DB,30,0,25,25,0,0,,
5773,KhaDarel Hodge,WR,,0,0,0,0,0,,
6973,J.J. Taylor,RB,,0,0,0,0,0,,
8500,John FitzPatrick,TE,,0,0,0,0,0,,
2033,Shelby Harris,DL,34,0,24,24,0,0,,
3268,Eric Murray,DB,32,0,24,24,0,0,,
4319,Zach Pascal,WR,,0,0,0,0,0,,
5218,Demone Harris,DL,,0,0,0,0,0,,
5980,Myles Gaskin,RB,,0,0,0,0,0,,
6210,Darnell Savage,DB,28,0,24,24,0,0,,
6969,Dane Jackson,DB,,0,0,0,0,0,,
1492,Johnathan Hankins,DL,,0,0,0,0,0,,
2353,Denzel Perryman,LB,33,0,23,23,0,0,,
3363,Kamu Grugier-Hill,LB,,0,0,0,0,0,,
5154,Trent Sherfield,WR,30,0,23,23,0,0,,
6128,Rock Ya-Sin,DB,30,0,23,23,0,0,,
6386,Alex Bachman,WR,,0,0,0,0,0,,
6887,Larrell Murchison,DL,29,0,23,23,0,0,,
6928,Kindle Vildor,DB,28,0,23,23,0,0,,
6946,Myles Bryant,DB,28,0,23,23,0,0,,
7012,Mykal Walker,LB,28,0,23,23,0,0,,
7120,Trevis Gipson,LB,28,0,23,23,0,0,,
7357,Dan Chisena,WR,29,0,23,23,0,0,,
7835,Michael Carter,DB,27,0,23,23,0,0,,
8249,Lucas Krull,TE,27,0,23,23,0,0,,
10223,Eric Gray,RB,26,0,23,23,0,0,,
11821,Tahj Washington,WR,25,0,23,23,0,0,,
1875,C.J. Mosley,LB,,0,0,0,0,0,,
3322,DJ Reader,DL,31,0,22,22,0,0,,
3546,Mike Hilton,DB,,0,0,0,0,0,,
4107,Chidobe Awuzie,DB,31,0,22,22,0,0,,
4207,Davon Godchaux,DL,31,0,22,22,0,0,,
6145,Juan Thornhill,DB,,0,0,0,0,0,,
6910,Darrell Taylor,DL,,0,0,0,0,0,,
7122,Broderick Washington,DL,29,0,22,22,0,0,,
7710,Janarius Robinson,DL,,0,0,0,0,0,,
7946,Jack Stoll,TE,28,0,22,22,0,0,,
8287,David Ojabo,DL,26,0,22,22,0,0,,
8833,Dallis Flowers,DB,28,0,22,22,0,0,,
8898,C.J. Brewer,DL,,0,0,0,0,0,,
11722,Adisa Isaac,DL,24,0,22,22,0,0,,
2427,Za'Darius Smith,LB,,0,0,0,0,0,,
3560,Austin Johnson,DL,,0,0,0,0,0,,
4435,Anthony Firkser,TE,31,0,21,21,0,0,,
6785,Jeff Okudah,DB,,0,0,0,0,0,,
7050,Josiah Deguara,TE,,0,0,0,0,0,,
7812,Simi Fehoko,WR,28,0,21,21,0,0,,
8306,John Ridgeway,DL,27,0,21,21,0,0,,
8372,DeAngelo Malone,DL,26,0,21,21,0,0,,
8714,Josh Blackwell,DB,27,0,21,21,0,0,,
8839,Luke Masterson,LB,,0,0,0,0,0,,
11757,Edefuan Ulofoshio,LB,26,0,21,21,0,0,,
12030,Braiden McGregor,DL,24,0,21,21,0,0,,
12374,Brenden Bates,TE,26,0,21,21,0,0,,
12634,Jordan Watkins,WR,24,0,21,21,0,0,,
2827,DeShawn Williams,DL,,0,0,0,0,0,,
4077,Jamal Adams,DB,,0,0,0,0,0,,
4138,Cameron Sutton,DB,,0,0,0,0,0,,
4224,Chuck Clark,DB,31,0,20,20,0,0,,
5328,Tremon Smith,DB,29,0,20,20,0,0,,
5508,Chris Lammons,DB,,0,0,0,0,0,,
5861,L.J. Collier,DL,30,0,20,20,0,0,,
6105,Joe Giles-Harris,LB,29,0,20,20,0,0,,
6419,P.J. Locke,DB,29,0,20,20,0,0,,
6659,Craig Reynolds,RB,,0,0,0,0,0,,
6947,K'Von Wallace,DB,28,0,20,20,0,0,,
7844,Sam Kamara,LB,28,0,20,20,0,0,,
7974,Nick McCloud,DB,,0,0,0,0,0,,
8020,Curtis Robinson,LB,28,0,20,20,0,0,,
8351,Drake Jackson,DL,25,0,20,20,0,0,,
9499,Bryce Ford-Wheaton,WR,,0,0,0,0,0,,
11003,Amari Burney,LB,,0,0,0,0,0,,
11004,Titus Leo,LB,,0,0,0,0,0,,
11304,E.J. Jenkins,TE,27,0,20,20,0,0,,
11311,Jason Brownlee,WR,27,0,20,20,0,0,,
11384,Owen Wright,RB,,0,0,0,0,0,,
12357,David Martin-Robinson,TE,26,0,20,20,0,0,,
12666,Kiko Mauigoa,LB,23,0,20,20,0,0,,
12765,Keleki Latu,TE,23,0,20,20,0,0,,
3295,Dean Lowry,DL,31,0,19,19,0,0,,
4084,Tyus Bowser,LB,,0,0,0,0,0,,
4975,Taven Bryan,DL,,0,0,0,0,0,,
5031,Oren Burks,LB,31,0,19,19,0,0,,
5333,Jalyn Holmes,DL,,0,0,0,0,0,,
5959,Mike Edwards,DB,,0,0,0,0,0,,
6348,Del'Shawn Phillips,LB,29,0,19,19,0,0,,
7451,Cam Gill,LB,,0,0,0,0,0,,
7813,Shemar Jean-Charles,DB,27,0,19,19,0,0,,
8041,Shane Zylstra,TE,29,0,19,19,0,0,,
8342,Esezi Otomewo,DL,27,0,19,19,0,0,,
8914,Jeremiah Pharms,DL,29,0,19,19,0,0,,
11811,Logan Lee,DL,25,0,19,19,0,0,,
12704,Warren Brinson,DL,24,0,19,19,0,0,,
2357,Jordan Phillips,DL,,0,0,0,0,0,,
4091,Marcus Williams,DB,,0,0,0,0,0,,
4101,Chris Wormley,DL,,0,0,0,0,0,,
4189,Eric Saubert,TE,32,0,18,18,0,0,,
5055,M.J. Stewart,DB,30,0,18,18,0,0,,
5615,Matt Dickerson,DL,30,0,18,18,0,0,,
6012,Travis Homer,RB,27,0,18,18,0,0,,
6186,Armon Watts,DL,,0,0,0,0,0,,
6627,Shy Tuttle,DL,30,0,18,18,0,0,,
6665,Jody Fortson,TE,,0,0,0,0,0,,
6694,D'Ernest Johnson,RB,,0,0,0,0,0,,
7815,K.J. Britt,LB,26,0,18,18,0,0,,
8170,James Mitchell,TE,26,0,18,18,0,0,,
8262,DJ Davidson,DL,28,0,18,18,0,0,,
8547,Kurt Hinish,DL,,0,0,0,0,0,,
9998,Hendon Hooker,QB,28,0,18,18,0,0,,
11305,Claudin Cherelus,LB,27,0,18,18,0,0,,
11436,PJ Mustipher,DL,26,0,18,18,0,0,,
12587,Joshua Farmer,DL,23,0,18,18,0,0,,
12608,Tyler Batty,DL,27,0,18,18,0,0,,
12689,JJ Pegues,DL,24,0,18,18,0,0,,
2344,Eddie Goldman,DL,,0,0,0,0,0,,
4056,Jabrill Peppers,DB,,0,0,0,0,0,,
4069,Takk McKinley,DL,,0,0,0,0,0,,
4124,Ahkello Witherspoon,DB,31,0,17,17,0,0,,
4216,Desmond King,DB,,0,0,0,0,0,,
5284,Jeff Wilson,RB,,0,0,0,0,0,,
5368,Greg Stroman,DB,,0,0,0,0,0,,
5727,Nick Thurman,DL,,0,0,0,0,0,,
5753,Chris Board,LB,,0,0,0,0,0,,
6005,Kevin Givens,DL,,0,0,0,0,0,,
6254,Kemon Hall,DB,29,0,17,17,0,0,,
7325,Joe Gaziano,DL,,0,0,0,0,0,,
7770,Patrick Johnson,LB,,0,0,0,0,0,,
7840,Ta'Quon Graham,DL,27,0,17,17,0,0,,
11108,Anfernee Orji,LB,,0,0,0,0,0,,
11240,C.J. Okoye,DL,24,0,17,17,0,0,,
11391,Ethan Bonner,DB,26,0,17,17,0,0,,
11506,Jalen Cropper,WR,,0,0,0,0,0,,
11730,T.J. Tampa,DB,24,0,17,17,0,0,,
12603,Cobee Bryant,DB,24,0,17,17,0,0,,
12616,Shemar Turner,DL,23,0,17,17,0,0,,
3189,Eli Apple,DB,30,0,16,16,0,0,,
4158,Eddie Jackson,DB,,0,0,0,0,0,,
6284,Marcus Epps,DB,30,0,16,16,0,0,,
6353,Troy Reeder,LB,,0,0,0,0,0,,
6831,Raekwon Davis,DL,,0,0,0,0,0,,
7788,Victor Dimukeje,LB,,0,0,0,0,0,,
7810,Ade Ogundeji,LB,,0,0,0,0,0,,
8004,Devon Key,DB,28,0,16,16,0,0,,
8517,Rodney Thomas,LB,27,0,16,16,0,0,,
8620,Segun Olubi,LB,26,0,16,16,0,0,,
8901,Ja'Marcus Ingram,DB,28,0,16,16,0,0,,
10963,Jakorian Bennett,DB,25,0,16,16,0,0,,
10969,Owen Pappoe,LB,25,0,16,16,0,0,,
11752,Jeremiah Trotter,LB,23,0,16,16,0,0,,
11761,Tommy Eichenberg,LB,25,0,16,16,0,0,,
12397,Joe Andreessen,LB,26,0,16,16,0,0,,
12819,Kevin Knowles,DB,23,0,16,16,0,0,,
12879,Chaz Chambliss,DL,23,0,16,16,0,0,,
2027,Denico Autry,DL,,0,0,0,0,0,,
2327,Bud Dupree,LB,33,0,15,15,0,0,,
2343,Preston Smith,LB,,0,0,0,0,0,,
3155,Laquon Treadwell,WR,30,0,15,15,0,0,,
3192,Artie Burns,DB,,0,0,0,0,0,,
3415,Jonathan Jones,DB,32,0,15,15,0,0,,
5008,Durham Smythe,TE,30,0,15,15,0,0,,
5048,Isaac Yiadom,DB,30,0,15,15,0,0,,
6612,Luke Gifford,LB,30,0,15,15,0,0,,
6850,Harrison Bryant,TE,28,0,15,15,0,0,,
6857,Collin Johnson,WR,,0,0,0,0,0,,
6882,Darnay Holmes,DB,27,0,15,15,0,0,,
6968,Jordan Fuller,DB,,0,0,0,0,0,,
7036,Terrell Burgess,DB,27,0,15,15,0,0,,
7075,Charlie Woerner,TE,28,0,15,15,0,0,,
7833,Isaiahh Loudermilk,DL,28,0,15,15,0,0,,
7936,Amen Ogbongbemiga,LB,,0,0,0,0,0,,
8013,Tim Jones,WR,28,0,15,15,0,0,,
8481,Ja'Sir Taylor,DB,27,0,15,15,0,0,,
8710,Jack Cochrane,LB,27,0,15,15,0,0,,
10210,Cameron Latu,TE,26,0,15,15,0,0,,
10982,Mike Morris,DL,25,0,15,15,0,0,,
10996,Ochaun Mathis,DL,,0,0,0,0,0,,
11024,Grant DuBose,WR,,0,0,0,0,0,,
11066,Austin Ajiake,LB,25,0,15,15,0,0,,
11645,Javon Baker,WR,,0,0,0,0,0,,
12138,Anthony Goodlow,DL,25,0,15,15,0,0,,
12710,Jaylen Reed,DB,23,0,15,15,0,0,,
12948,Austin Keys,LB,24,0,15,15,0,0,,
12956,Bam Martin-Scott,LB,25,0,15,15,0,0,,
13000,Shaun Dolac,LB,24,0,15,15,0,0,,
2381,Chris Conley,WR,,0,0,0,0,0,,
3232,Adam Gotsis,DL,,0,0,0,0,0,,
4602,Robert Tonyan,TE,,0,0,0,0,0,,
5161,Ezekiel Turner,LB,,0,0,0,0,0,,
5532,Daniel Ekuale,DL,,0,0,0,0,0,,
6651,Anthony Pittman,LB,,0,0,0,0,0,,
7087,Jonathan Ward,RB,,0,0,0,0,0,,
7787,Damar Hamlin,DB,28,0,14,14,0,0,,
8300,Andrew Booth,DB,,0,0,0,0,0,,
8542,Tristin McCollum,DB,27,0,14,14,0,0,,
8578,Raheem Layne,DB,26,0,14,14,0,0,,
8861,Irv Charles,WR,29,0,14,14,0,0,,
8921,Maurice Alexander,WR,29,0,14,14,0,0,,
11018,Christian Braswell,DB,26,0,14,14,0,0,,
11036,Anthony Johnson,DB,26,0,14,14,0,0,,
11201,Blake Whiteheart,TE,26,0,14,14,0,0,,
11712,Ty'Ron Hopper,LB,25,0,14,14,0,0,,
12716,Korie Black,DB,23,0,14,14,0,0,,
12736,Kitan Crawford,DB,24,0,14,14,0,0,,
12855,Alijah Clark,DB,22,0,14,14,0,0,,
12889,Beaux Collins,WR,23,0,14,14,0,0,,
13019,Greedy Vance,DB,24,0,14,14,0,0,,
4974,Terrell Edmunds,DB,,0,0,0,0,0,,
5883,Lonnie Johnson,DB,30,0,13,13,0,0,,
6296,Quinton Bell,LB,,0,0,0,0,0,,
6937,Khaleke Hudson,LB,,0,0,0,0,0,,
7053,Daniel Thomas,DB,27,0,13,13,0,0,,
8349,Jake Hansen,LB,27,0,13,13,0,0,,
8370,Jordan Jackson,DL,28,0,13,13,0,0,,
10227,Payne Durham,TE,25,0,13,13,0,0,,
10924,Zacch Pickens,DL,26,0,13,13,0,0,,
10994,Scott Matlock,DL,25,0,13,13,0,0,,
10999,Josh Hayes,DB,27,0,13,13,0,0,,
11032,DJ Ivey,DB,26,0,13,13,0,0,,
11251,Shaka Heyward,LB,26,0,13,13,0,0,,
11738,Decamerion Richardson,DB,25,0,13,13,0,0,,
11993,Tyrek Funderburk,DB,25,0,13,13,0,0,,
12011,Demani Richardson,DB,25,0,13,13,0,0,,
12385,Jude McAtamney,K,,0,0,0,0,0,,
12655,Tyler Baron,DL,24,0,13,13,0,0,,
12696,Aeneas Peebles,DL,24,0,13,13,0,0,,
12702,Rayuan Lane,DB,22,0,13,13,0,0,,
12751,Howard Cross,DL,24,0,13,13,0,0,,
12917,Branson Combs,LB,25,0,13,13,0,0,,
13024,Jay Higgins,LB,24,0,13,13,0,0,,
13104,Adin Huntington,DL,24,0,13,13,0,0,,
13181,Payton Page,DL,23,0,13,13,0,0,,
3254,Nick Vigil,LB,,0,0,0,0,0,,
3265,Sheldon Day,DL,,0,0,0,0,0,,
3633,Kyle Peko,DL,,0,0,0,0,0,,
4093,Marcus Maye,DB,,0,0,0,0,0,,
4110,Zach Cunningham,LB,,0,0,0,0,0,,
5302,Bilal Nichols,DL,,0,0,0,0,0,,
5576,Ben Niemann,LB,,0,0,0,0,0,,
5781,Malik Turner,WR,30,0,12,12,0,0,,
6781,Isaiah Simmons,DB,27,0,12,12,0,0,,
7204,Reggie Gilliam,RB,28,0,12,12,0,0,,
7750,Grant Stuard,LB,27,0,12,12,0,0,,
8273,Phidarian Mathis,DL,28,0,12,12,0,0,,
8332,Matthew Butler,DL,26,0,12,12,0,0,,
8394,Percy Butler,DB,26,0,12,12,0,0,,
8795,D'Anthony Bell,DB,29,0,12,12,0,0,,
11082,Ben Sims,TE,26,0,12,12,0,0,,
11394,Mitchell Agude,LB,,0,0,0,0,0,,
11395,Keidron Smith,DB,26,0,12,12,0,0,,
11716,Tip Reiman,TE,24,0,12,12,0,0,,
11753,Nehemiah Pritchett,DB,25,0,12,12,0,0,,
11790,Nathaniel Watson,LB,25,0,12,12,0,0,,
12679,Jordan Phillips,DL,21,0,12,12,0,0,,
12687,Dorian Strong,DB,24,0,12,12,0,0,,
12764,Keonta Jenkins,LB,24,0,12,12,0,0,,
1558,William Gholston,DL,,0,0,0,0,0,,
1881,Brent Urban,DL,,0,0,0,0,0,,
4180,Rayshawn Jenkins,DB,,0,0,0,0,0,,
4241,Pat O'Connor,DL,,0,0,0,0,0,,
5757,Josh Woods,LB,,0,0,0,0,0,,
6283,Corey Ballentine,DB,30,0,11,11,0,0,,
6294,Ty Summers,LB,,0,0,0,0,0,,
6323,Andrew Beck,RB,30,0,11,11,0,0,,
7014,Joe Bachie,LB,28,0,11,11,0,0,,
7646,Boogie Basham,DL,,0,0,0,0,0,,
7708,Marco Wilson,DB,27,0,11,11,0,0,,
7731,Jay Tufele,DL,26,0,11,11,0,0,,
7807,Nick Niemann,LB,28,0,11,11,0,0,,
8274,LaBryan Ray,DL,28,0,11,11,0,0,,
8299,Baylon Spector,LB,,0,0,0,0,0,,
8386,Damarri Mathis,DB,,0,0,0,0,0,,
8509,Elijah Hicks,DB,26,0,11,11,0,0,,
8702,Jaylon Jones,DB,28,0,11,11,0,0,,
8733,Jake Hummel,LB,27,0,11,11,0,0,,
10217,Clayton Tune,QB,,0,0,0,0,0,,
10966,Robert Beal,LB,26,0,11,11,0,0,,
11002,Keondre Coburn,DL,,0,0,0,0,0,,
11050,DeMarcco Hellams,DB,25,0,11,11,0,0,,
11084,Andre Carter,LB,26,0,11,11,0,0,,
11098,Caleb Murphy,DL,26,0,11,11,0,0,,
11185,Kendell Brooks,DB,26,0,11,11,0,0,,
11396,Brandon Pili,DL,27,0,11,11,0,0,,
11429,Kaevon Merriweather,DB,26,0,11,11,0,0,,
11432,Markees Watts,DL,,0,0,0,0,0,,
11805,Jamal Hill,LB,25,0,11,11,0,0,,
11942,Colson Yankoff,TE,26,0,11,11,0,0,,
12516,Kalel Mullings,RB,23,0,11,11,0,0,,
13037,Connor O'Toole,DL,23,0,11,11,0,0,,
2545,Geoff Swaim,TE,,0,0,0,0,0,,
3388,Jalen Mills,DB,,0,0,0,0,0,,
4079,Kevin King,DB,,0,0,0,0,0,,
4126,Fabian Moreau,DB,,0,0,0,0,0,,
4443,Pharaoh Brown,TE,,0,0,0,0,0,,
5424,Tony Brown,DB,,0,0,0,0,0,,
5520,Jonathan Owens,DB,30,0,10,10,0,0,,
6476,D'Angelo Ross,DB,29,0,10,10,0,0,,
6551,Darius Harris,LB,,0,0,0,0,0,,
7531,Feleipe Franks,TE,28,0,10,10,0,0,,
7632,Caleb Farley,DB,,0,0,0,0,0,,
7804,Marlon Tuipulotu,DL,,0,0,0,0,0,,
8307,Neil Farrell,DL,,0,0,0,0,0,,
8371,Chad Muma,LB,26,0,10,10,0,0,,
8389,Akayleb Evans,DB,26,0,10,10,0,0,,
8470,Joshua Williams,DB,26,0,10,10,0,0,,
8854,Tomon Fox,LB,,0,0,0,0,0,,
8885,Tucker Fisk,TE,,0,0,0,0,0,,
10900,Cam Smith,DB,,0,0,0,0,0,,
10938,D.J. Johnson,LB,27,0,10,10,0,0,,
11280,Brady Russell,TE,27,0,10,10,0,0,,
11717,Elijah Jones,DB,26,0,10,10,0,0,,
11772,De'Antre Prince,DB,,0,0,0,0,0,,
11929,Bo Richter,DL,25,0,10,10,0,0,,
12057,Maema Njongmeta,LB,25,0,10,10,0,0,,
12058,PJ Jules,DB,25,0,10,10,0,0,,
12238,Eric Watts,DL,25,0,10,10,0,0,,
12626,Jaylin Smith,DB,22,0,10,10,0,0,,
12651,Ty Robinson,DL,25,0,10,10,0,0,,
12682,Cam Jackson,DL,23,0,10,10,0,0,,
12783,Donovan McMillon,DB,23,0,10,10,0,0,,
12877,Brandon Johnson,DB,23,0,10,10,0,0,,
13174,Cooper McDonald,LB,24,0,10,10,0,0,,
2755,Eric Tomlinson,TE,,0,0,0,0,0,,
4188,Damontae Kazee,DB,,0,0,0,0,0,,
4371,Josh Tupou,DL,32,0,9,9,0,0,,
4503,Arthur Maulet,DB,,0,0,0,0,0,,
5035,Derrick Nnadi,DL,30,0,9,9,0,0,,
5209,Mike Boone,RB,,0,0,0,0,0,,
5519,Tavierre Thomas,DB,30,0,9,9,0,0,,
6211,Sione Takitaki,LB,,0,0,0,0,0,,
6222,Ka'dar Hollman,DB,,0,0,0,0,0,,
7200,Khalil Dorsey,DB,28,0,9,9,0,0,,
7521,Chris Blair,WR,28,0,9,9,0,0,,
7704,Buddy Johnson,LB,,0,0,0,0,0,,
7707,Tre Brown,DB,28,0,9,9,0,0,,
7730,Darren Hall,DB,26,0,9,9,0,0,,
7801,Quinton Bohanna,DL,27,0,9,9,0,0,,
8344,Jonathan Ford,DL,27,0,9,9,0,0,,
8377,Tycen Anderson,DB,26,0,9,9,0,0,,
8473,Eric Johnson,DL,27,0,9,9,0,0,,
8525,Mark Robinson,LB,,0,0,0,0,0,,
8526,Cameron Goode,LB,28,0,9,9,0,0,,
8799,Zaire Mitchell-Paden,TE,26,0,9,9,0,0,,
10877,Mazi Smith,DL,24,0,9,9,0,0,,
10992,Yasir Abdullah,LB,26,0,9,9,0,0,,
11011,JL Skinner,DB,25,0,9,9,0,0,,
11033,Isaiah Bolden,DB,,0,0,0,0,0,,
11441,Thomas Incoom,LB,27,0,9,9,0,0,,
11514,Isaiah Land,LB,26,0,9,9,0,0,,
11713,McKinnley Jackson,DL,24,0,9,9,0,0,,
11795,Jaden Crumedy,DL,25,0,9,9,0,0,,
11809,Marcellas Dial,DB,25,0,9,9,0,0,,
11844,Myles Cole,LB,26,0,9,9,0,0,,
11885,Ramel Keyton,WR,,0,0,0,0,0,,
11899,Rico Payton,DB,26,0,9,9,0,0,,
12319,Elijah Chatman,DL,25,0,9,9,0,0,,
12628,Sai'vion Jones,DL,22,0,9,9,0,0,,
12684,Kain Medrano,LB,25,0,9,9,0,0,,
12919,Elijah Simmons,DL,24,0,9,9,0,0,,
13196,Elijah Williams,DL,23,0,9,9,0,0,,
331,Philip Rivers,QB,,0,0,0,0,0,,
4166,Carlos Watkins,DL,,0,0,0,0,0,,
8283,Brian Asamoah,LB,,0,0,0,0,0,,
8319,DeMarvin Leal,DL,,0,0,0,0,0,,
8519,Deane Leonard,DB,26,0,8,8,0,0,,
8520,Daniel Hardy,LB,27,0,8,8,0,0,,
8569,Arron Mosby,LB,27,0,8,8,0,0,,
8683,Joey Blount,DB,27,0,8,8,0,0,,
8726,Brenden Schooler,DB,29,0,8,8,0,0,,
11339,Brandon Joseph,DB,,0,0,0,0,0,,
11440,Art Green,DB,26,0,8,8,0,0,,
11934,Tyler Owens,DB,25,0,8,8,0,0,,
12062,Cam Grandy,TE,26,0,8,8,0,0,,
12672,Jeffrey Bassa,LB,23,0,8,8,0,0,,
12678,Mac McWilliams,DB,24,0,8,8,0,0,,
12835,Marlowe Wax,LB,23,0,8,8,0,0,,
12838,Nikko Reed,DB,23,0,8,8,0,0,,
12888,Dalen Cambre,WR,25,0,8,8,0,0,,
12923,Jordan Clark,DB,25,0,8,8,0,0,,
2143,Mike Pennel,DL,,0,0,0,0,0,,
2796,Efe Obada,DL,,0,0,0,0,0,,
4099,Duke Riley,LB,,0,0,0,0,0,,
5345,Matthew Adams,LB,,0,0,0,0,0,,
5691,Mike Ford,DB,30,0,7,7,0,0,,
7824,Keith Taylor,DB,27,0,7,7,0,0,,
8000,Zayne Anderson,DB,29,0,7,7,0,0,,
8510,Russ Yeast,DB,27,0,7,7,0,0,,
8532,Mike Brown,DB,27,0,7,7,0,0,,
8925,Tre Avery,DB,29,0,7,7,0,0,,
10909,Isaiah Foskey,DL,25,0,7,7,0,0,,
10997,Jerrick Reed,DB,25,0,7,7,0,0,,
11025,Jalen Graham,DB,25,0,7,7,0,0,,
11035,Jordon Riley,DL,28,0,7,7,0,0,,
11041,Andre Jones,DL,27,0,7,7,0,0,,
11467,John Samuel Shenker,TE,,0,0,0,0,0,,
11606,Dallin Holker,TE,,0,0,0,0,0,,
11751,Brennan Jackson,DL,25,0,7,7,0,0,,
12137,Charles Woods,DB,25,0,7,7,0,0,,
12920,Dean Clark,DB,25,0,7,7,0,0,,
12944,Dorian Mausi,LB,24,0,7,7,0,0,,
13121,Ben Yurosek,TE,24,0,7,7,0,0,,
1576,Tyrann Mathieu,DB,,0,0,0,0,0,,
2677,Neville Hewitt,LB,,0,0,0,0,0,,
5040,Tarvarius Moore,DB,,0,0,0,0,0,,
5285,Ross Dwelley,TE,,0,0,0,0,0,,
6140,Kendall Sheffield,DB,,0,0,0,0,0,,
6885,Ke'Shawn Vaughn,RB,,0,0,0,0,0,,
6997,Shaq Quarterman,LB,,0,0,0,0,0,,
7673,Chazz Surratt,LB,29,0,6,6,0,0,,
7846,Caleb Johnson,LB,,0,0,0,0,0,,
8484,Ko Kieft,TE,28,0,6,6,0,0,,
10224,Brayden Willis,TE,26,0,6,6,0,0,,
10986,Jammie Robinson,DB,25,0,6,6,0,0,,
11029,Nic Jones,DB,24,0,6,6,0,0,,
11043,Nesta Jade Silvera,DL,,0,0,0,0,0,,
11062,Ali Gaye,DL,27,0,6,6,0,0,,
11796,Khristian Boyd,DL,26,0,6,6,0,0,,
11896,Millard Bradford,DB,,0,0,0,0,0,,
11905,Dwight McGlothern,DB,24,0,6,6,0,0,,
12282,C.J. Ravenell,DL,25,0,6,6,0,0,,
12388,Jordan Colbert,DB,,0,0,0,0,0,,
12661,Jordan Hancock,DB,22,0,6,6,0,0,,
12676,Ty Hamilton,DL,24,0,6,6,0,0,,
12737,Jay Toia,DL,22,0,6,6,0,0,,
12752,Eric Gregory,DL,25,0,6,6,0,0,,
12927,Nazir Stackhouse,DL,24,0,6,6,0,0,,
1689,Adam Thielen,WR,,0,0,0,0,0,,
2350,Eric Kendricks,LB,,0,0,0,0,0,,
4163,Jalen Reeves-Maybin,LB,,0,0,0,0,0,,
4661,Michael Davis,DB,,0,0,0,0,0,,
7197,Kristian Welch,LB,28,0,5,5,0,0,,
7224,Sam Franklin,DB,30,0,5,5,0,0,,
8264,Chase Lucas,DB,29,0,5,5,0,0,,
8272,Channing Tindall,LB,26,0,5,5,0,0,,
8297,Jeremiah Moon,LB,,0,0,0,0,0,,
10973,Nick Hampton,LB,26,0,5,5,0,0,,
11121,AJ Finley,DB,24,0,5,5,0,0,,
11273,Ben VanSumeren,LB,26,0,5,5,0,0,,
11278,Eli Ricks,DB,,0,0,0,0,0,,
11345,Chris Smith,DL,26,0,5,5,0,0,,
11381,Travis Vokolek,TE,27,0,5,5,0,0,,
11595,Jared Wiley,TE,25,0,5,5,0,0,,
11747,Jaylan Ford,LB,24,0,5,5,0,0,,
11763,Kitan Oladapo,DB,25,0,5,5,0,0,,
11773,Keilan Robinson,RB,,0,0,0,0,0,,
11804,Mekhi Wingo,DL,23,0,5,5,0,0,,
12124,Isaiah Johnson,DB,,0,0,0,0,0,,
12480,Moliki Matavao,TE,23,0,5,5,0,0,,
12653,Jack Kiser,LB,25,0,5,5,0,0,,
12733,Carson Bruener,LB,24,0,5,5,0,0,,
12781,Karene Reid,LB,26,0,5,5,0,0,,
13122,Carter Runyon,TE,24,0,5,5,0,0,,
1288,Lawrence Guy,DL,,0,0,0,0,0,,
1535,Cordarrelle Patterson,RB,,0,0,0,0,0,,
2448,Bobby McCain,DB,,0,0,0,0,0,,
5379,Tre Flowers,DB,,0,0,0,0,0,,
5452,J.T. Gray,DB,30,0,4,4,0,0,,
5534,Elijah Campbell,DB,30,0,4,4,0,0,,
5921,Kris Boyd,DB,,0,0,0,0,0,,
6876,A.J. Green,DB,27,0,4,4,0,0,,
7821,Garret Wallow,LB,27,0,4,4,0,0,,
10998,Jose Ramirez,DL,27,0,4,4,0,0,,
11022,Kendall Williamson,DB,25,0,4,4,0,0,,
11173,D'Shawn Jamison,DB,26,0,4,4,0,0,,
11315,Cam Jones,LB,26,0,4,4,0,0,,
11325,Reese Taylor,DB,26,0,4,4,0,0,,
11689,Ennis Rakestraw,DB,23,0,4,4,0,0,,
11754,Mohamed Kamara,DL,27,0,4,4,0,0,,
11837,Jaden Davis,DB,24,0,4,4,0,0,,
11841,Sanoussi Kane,DB,24,0,4,4,0,0,,
12041,Carl Jones,DL,24,0,4,4,0,0,,
12255,Swayze Bozeman,LB,27,0,4,4,0,0,,
12637,Ruben Hyppolite,LB,24,0,4,4,0,0,,
12656,Robbie Ouzts,RB,23,0,4,4,0,0,,
12680,Rylie Mills,DL,24,0,4,4,0,0,,
12785,Dom Jones,DB,25,0,4,4,0,0,,
13151,Nick Kallerup,TE,25,0,4,4,0,0,,
13157,Reuben Lowery,DB,23,0,4,4,0,0,,
13176,Ale Kaho,LB,26,0,4,4,0,0,,
13209,Jordan Turner,LB,24,0,4,4,0,0,,
1553,John Jenkins,DL,36,0,3,3,0,0,,
2395,Carl Davis,DL,,0,0,0,0,0,,
2826,Troy Hill,DB,,0,0,0,0,0,,
4594,Alex Barrett,DL,,0,0,0,0,0,,
5098,Siran Neal,DB,31,0,3,3,0,0,,
5830,Sam Eguavoen,LB,,0,0,0,0,0,,
7329,Cole Christiansen,LB,28,0,3,3,0,0,,
7712,Robert Rochell,DB,28,0,3,3,0,0,,
7957,Jon Rhattigan,LB,27,0,3,3,0,0,,
8285,Josh Ross,LB,26,0,3,3,0,0,,
8757,Rodney Williams,TE,,0,0,0,0,0,,
8758,Kana'i Mauga,LB,,0,0,0,0,0,,
8887,Mike Greene,DL,,0,0,0,0,0,,
10975,Daniel Scott,DB,27,0,3,3,0,0,,
11552,Durell Nchami,LB,26,0,3,3,0,0,,
11831,Daijahn Anthony,DB,25,0,3,3,0,0,,
12045,Jack Westover,TE,26,0,3,3,0,0,,
12056,Jarius Monroe,DB,25,0,3,3,0,0,,
12164,Curtis Jacobs,LB,,0,0,0,0,0,,
12182,Miles Battle,DB,26,0,3,3,0,0,,
12643,Kyle Kennard,DL,24,0,3,3,0,0,,
12667,Smael Mondon,LB,23,0,3,3,0,0,,
12677,Bradyn Swinson,DL,23,0,3,3,0,0,,
12722,Cody Lindenberg,LB,24,0,3,3,0,0,,
12732,Dominic Lovett,WR,23,0,3,3,0,0,,
12790,John Bullock,LB,25,0,3,3,0,0,,
12836,Trey Washington,DB,23,0,3,3,0,0,,
12955,Sebastian Castro,DB,25,0,3,3,0,0,,
13155,Chandler Martin,LB,,0,0,0,0,0,,
13165,Easton Mascarenas-Arnold,LB,23,0,3,3,0,0,,
13187,Nick Jackson,LB,25,0,3,3,0,0,,
550,Jerry Hughes,DL,,0,0,0,0,0,,
579,Linval Joseph,DL,,0,0,0,0,0,,
1686,Tony Jefferson,DB,34,0,2,2,0,0,,
2267,Jimmie Ward,DB,,0,0,0,0,0,,
2501,Quandre Diggs,DB,,0,0,0,0,0,,
3048,Chris Manhertz,TE,34,0,2,2,0,0,,
3401,Tyler Matakevich,LB,,0,0,0,0,0,,
3838,Antonio Hamilton,DB,33,0,2,2,0,0,,
4611,Justin Hardee,DB,,0,0,0,0,0,,
4718,Dare Ogunbowale,RB,,0,0,0,0,0,,
5091,Parry Nickerson,DB,,0,0,0,0,0,,
5445,George Odum,DB,,0,0,0,0,0,,
7327,T.J. Smith,DL,,0,0,0,0,0,,
7814,Cameron McGrone,LB,25,0,2,2,0,0,,
8834,Trevor Denbow,DB,,0,0,0,0,0,,
11001,Jarrick Bernard-Converse,DB,26,0,2,2,0,0,,
11151,Tanner Ingle,DB,26,0,2,2,0,0,,
11855,Amari Gainer,LB,25,0,2,2,0,0,,
11930,Taki Taimani,DL,26,0,2,2,0,0,,
11966,Rashad Wisdom,DB,24,0,2,2,0,0,,
12102,Andre' Sam,DB,27,0,2,2,0,0,,
12111,Levelle Bailey,LB,25,0,2,2,0,0,,
12345,Jaylen Mahoney,DB,,0,0,0,0,0,,
12715,Thomas Fidone,TE,23,0,2,2,0,0,,
12912,Cam'Ron Silmon-Craig,DB,23,0,2,2,0,0,,
13130,Jackson Woodard,LB,23,0,2,2,0,0,,
583,Brandon Graham,DL,,0,0,0,0,0,,
1043,Stephon Gilmore,DB,,0,0,0,0,0,,
1205,Rodney McLeod,DB,,0,0,0,0,0,,
1343,Jordan Poyer,DB,,0,0,0,0,0,,
1518,Darius Slay,DB,,0,0,0,0,0,,
3272,Miles Killebrew,DB,33,0,1,1,0,0,,
3374,Kevon Seymour,DB,,0,0,0,0,0,,
4277,Adrian Colbert,DB,,0,0,0,0,0,,
10967,Chris Smith,DB,,0,0,0,0,0,,
11787,Kamal Hadden,DB,25,0,1,1,0,0,,
11797,Patrick McMorris,DB,24,0,1,1,0,0,,
11916,Christopher Edmonds,DB,24,0,1,1,0,0,,
11951,Beau Brade,DB,24,0,1,1,0,0,,
11986,Antonio Grier,LB,,0,0,0,0,0,,
12089,Julius Wood,DB,25,0,1,1,0,0,,
12726,Kobee Minor,DB,23,0,1,1,0,0,,