pid,name,pos,team,age,dhq,fc_value,fc_scaled,dev_vs_fc_pct
9509,Bijan Robinson,RB,ATL,24,8306,10392,8306,0
9221,Jahmyr Gibbs,RB,DET,24,8122,9814,7844,4
4984,Josh Allen,QB,BUF,30,8091,10039,8024,1
11564,Drake Maye,QB,NE,23,6782,8785,7022,-3
9493,Puka Nacua,WR,LAR,25,6776,8646,6910,-2
7564,Ja'Marr Chase,WR,CIN,26,6025,9808,7839,-23
9488,Jaxon Smith-Njigba,WR,SEA,24,6003,9275,7413,-19
9226,De'Von Achane,RB,MIA,24,5891,5984,4783,23
11560,Caleb Williams,QB,CHI,24,5796,7212,5764,1
6904,Jalen Hurts,QB,PHI,27,5579,5673,4534,23
4046,Patrick Mahomes,QB,KC,30,5509,5626,4497,23
4881,Lamar Jackson,QB,BAL,29,5322,7229,5778,-8
7547,Amon-Ra St. Brown,WR,DET,26,5302,7387,5904,-10
6813,Jonathan Taylor,RB,IND,27,5184,5271,4213,23
7523,Trevor Lawrence,QB,JAX,26,5023,5118,4091,23
6797,Justin Herbert,QB,LAC,28,4941,5712,4565,8
11563,Bo Nix,QB,DEN,26,4939,5059,4044,22
8112,Drake London,WR,ATL,24,4793,5907,4721,2
8138,James Cook,RB,BUF,26,4715,5021,4013,17
12527,Ashton Jeanty,RB,LV,22,4587,6931,5540,-17
8183,Brock Purdy,QB,SF,26,4408,4494,3592,23
13287,Jeremiyah Love,RB,ARI,21,4355,6618,5290,-18
11604,Brock Bowers,TE,LV,23,4310,7655,6118,-30
8137,George Pickens,WR,DAL,25,4188,4507,3602,16
3294,Dak Prescott,QB,DAL,32,4110,4193,3351,23
12508,Jaxson Dart,QB,NYG,23,4078,5465,4368,-7
11566,Jayden Daniels,QB,WAS,25,4018,7137,5704,-30
6770,Joe Burrow,QB,CIN,29,3955,6790,5427,-27
11632,Malik Nabers,WR,NYG,22,3948,6797,5433,-27
8155,Breece Hall,RB,NYJ,25,3903,4009,3204,22
6794,Justin Jefferson,WR,MIN,26,3882,7019,5610,-31
6804,Jordan Love,QB,GB,27,3874,3981,3182,22
8130,Trey McBride,TE,ARI,26,3855,6904,5518,-30
12507,Omarion Hampton,RB,LAC,23,3835,5671,4533,-15
6786,CeeDee Lamb,WR,DAL,27,3828,6352,5077,-25
8144,Chris Olave,WR,NO,25,3724,3873,3096,20
4034,Christian McCaffrey,RB,SF,29,3701,4177,3339,11
7569,Nico Collins,WR,HOU,27,3671,4260,3405,8
8151,Kenneth Walker,RB,KC,25,3670,4136,3306,11
13269,Fernando Mendoza,QB,LV,22,3639,4208,3363,8
8150,Kyren Williams,RB,LAR,25,3532,3352,2679,32
9224,Chase Brown,RB,CIN,26,3478,3711,2966,17
5859,A.J. Brown,WR,NE,28,3436,3982,3183,8
12529,TreVeyon Henderson,RB,NE,23,3372,3625,2897,16
9758,C.J. Stroud,QB,HOU,24,3332,3397,2715,23
3163,Jared Goff,QB,DET,31,3327,3172,2535,31
9997,Zay Flowers,WR,BAL,25,3282,3422,2735,20
12512,Quinshon Judkins,RB,CLE,22,3274,3848,3076,6
4892,Baker Mayfield,QB,TB,31,3257,3316,2650,23
421,Matthew Stafford,QB,LAR,38,3177,2712,2168,47
11584,Bucky Irving,RB,TB,23,3149,3202,2559,23
12481,Cam Skattebo,RB,NYG,24,3122,3325,2658,17
8289,Aidan Hutchinson,DL,DET,25,3057,,,
6801,Tee Higgins,WR,CIN,27,3035,3245,2594,17
7588,Javonte Williams,RB,DAL,26,3026,3069,2453,23
12526,Tetairoa McMillan,WR,CAR,23,2995,4988,3987,-25
10229,Rashee Rice,WR,KC,26,2987,3387,2707,10
3973,Myles Garrett,DL,LAR,30,2961,,,
13279,Carnell Tate,WR,TEN,21,2955,4386,3506,-16
12517,Colston Loveland,TE,CHI,22,2938,5216,4169,-30
11631,Brian Thomas,WR,JAX,23,2911,3212,2567,13
4943,Sam Darnold,QB,SEA,28,2902,2951,2359,23
11635,Ladd McConkey,WR,LAC,24,2890,3906,3122,-7
5862,Brian Burns,DL,NYG,28,2827,,,
10892,Will Anderson,DL,HOU,24,2783,,,
13286,Jadarian Price,RB,SEA,22,2747,3504,2801,-2
5850,Josh Jacobs,RB,GB,28,2740,2796,2235,23
7525,DeVonta Smith,WR,PHI,27,2729,3569,2853,-4
7543,Travis Etienne,RB,NO,27,2718,2780,2222,22
5991,Maxx Crosby,DL,LV,28,2717,,,
5870,Daniel Jones,QB,IND,29,2699,2575,2058,31
9228,Bryce Young,QB,CAR,24,2673,2737,2188,22
10898,Tuli Tuipulotu,DL,LAC,23,2652,,,
13281,Jordyn Tyson,WR,NO,21,2649,3854,3080,-14
8146,Garrett Wilson,WR,NYJ,25,2635,4057,3243,-19
11620,Rome Odunze,WR,CHI,24,2632,3567,2851,-8
4866,Saquon Barkley,RB,PHI,29,2627,3648,2916,-10
7526,Jaylen Waddle,WR,DEN,27,2625,3050,2438,8
11628,Marvin Harrison,WR,ARI,23,2620,3510,2805,-7
12518,Tyler Warren,TE,IND,24,2590,4668,3731,-31
12506,Harold Fannin,TE,CLE,21,2552,3374,2697,-5
12514,Emeka Egbuka,WR,TB,23,2495,4462,3566,-30
8148,Jameson Williams,WR,DET,25,2488,2884,2305,8
13294,Makai Lemon,WR,PHI,22,2456,3637,2907,-16
DEN,Denver Broncos,DEF,DEN,26,2443,,,
5849,Kyler Murray,QB,MIN,28,2437,2956,2363,3
7553,Kyle Pitts,TE,ATL,25,2392,2968,2372,1
CLE,Cleveland Browns,DEF,CLE,26,2315,,,
9484,Tucker Kraft,TE,GB,25,2314,3395,2714,-15
12522,Cam Ward,QB,TEN,24,2298,4073,3255,-29
6790,D'Andre Swift,RB,CHI,27,2275,2150,1718,32
9756,Jordan Addison,WR,MIN,24,2261,2321,1855,22
PIT,Pittsburgh Steelers,DEF,PIT,26,2242,,,
12545,Tyler Shough,QB,NO,26,2228,3373,2696,-17
10859,Sam LaPorta,TE,DET,25,2202,3058,2444,-10
6125,Jeffery Simmons,DL,TEN,28,2198,,,
4983,DJ Moore,WR,BUF,29,2148,2304,1842,17
5846,DK Metcalf,WR,PIT,28,2093,2127,1700,23
7640,Micah Parsons,LB,GB,27,2090,,,
SEA,Seattle Seahawks,DEF,SEA,26,2073,,,
6782,Chase Young,DL,NO,27,2058,,,
8142,Alec Pierce,WR,IND,26,2055,2185,1746,18
4217,George Kittle,TE,SF,32,2042,2108,1685,21
12519,Luther Burden,WR,CHI,22,2031,3627,2899,-30
5892,David Montgomery,RB,HOU,28,1985,2028,1621,22
ATL,Atlanta Falcons,DEF,ATL,26,1983,,,
7113,Alex Highsmith,LB,PIT,28,1982,,,
MIN,Minnesota Vikings,DEF,MIN,26,1968,,,
9487,Parker Washington,WR,JAX,24,1946,2100,1678,16
7594,Chuba Hubbard,RB,CAR,26,1939,1980,1583,22
6768,Tua Tagovailoa,QB,ATL,28,1930,1674,1338,44
8280,Nik Bonitto,LB,DEN,26,1930,,,
8385,George Karlaftis,DL,KC,25,1926,,,
10232,Michael Wilson,WR,ARI,26,1921,1976,1579,22
9500,Josh Downs,WR,IND,24,1910,1945,1555,23
8126,Wan'Dale Robinson,WR,TEN,25,1902,1955,1563,22
8259,Cameron Dicker,K,LAC,26,1890,,,
13330,Kenyon Sadiq,TE,NYJ,21,1879,2856,2283,-18
13298,KC Concepcion,WR,CLE,21,1870,2984,2385,-22
12489,RJ Harvey,RB,DEN,25,1868,1915,1531,22
HOU,Houston Texans,DEF,HOU,26,1862,,,
11665,Jared Verse,DL,CLE,25,1857,,,
12585,James Pearce,DL,ATL,22,1856,,,
9753,Zach Charbonnet,RB,SEA,25,1824,1803,1441,27
9754,Quentin Johnston,WR,LAC,24,1813,1855,1483,22
7839,Evan McPherson,K,CIN,26,1804,,,
12493,Oronde Gadsden,TE,LAC,22,1799,2049,1638,10
2393,Danielle Hunter,DL,HOU,31,1791,,,
6819,Michael Pittman,WR,PIT,28,1786,1813,1449,23
7627,Greg Rousseau,DL,BUF,26,1786,,,
4070,T.J. Watt,LB,PIT,31,1776,,,
11058,Blake Grupe,K,IND,27,1770,,,
10905,Brian Branch,DB,DET,24,1769,,,
11559,Michael Penix,QB,ATL,26,1752,1797,1436,22
13276,Omar Cooper,WR,NYJ,22,1751,2507,2004,-13
8228,Jaylen Warren,RB,PIT,27,1747,1707,1364,28
5045,Courtland Sutton,WR,DEN,30,1737,1782,1424,22
10236,Dalton Kincaid,TE,BUF,26,1733,1870,1495,16
2133,Davante Adams,WR,LAR,33,1731,2154,1722,1
8167,Christian Watson,WR,GB,27,1731,2083,1665,4
5927,Terry McLaurin,WR,WAS,30,1729,2121,1695,2
IND,Indianapolis Colts,DEF,IND,26,1727,,,
11786,Cam Little,K,JAX,22,1720,,,
13346,Denzel Boston,WR,CLE,22,1719,2316,1851,-7
12534,Kyle Monangai,RB,CHI,23,1718,1829,1462,18
5871,Zach Allen,DL,DEN,28,1716,,,
11685,Kamari Lassiter,DB,HOU,23,1714,,,
6124,Montez Sweat,DL,CHI,29,1712,,,
11792,Will Reichard,K,MIN,25,1710,,,
5840,Josh Hines-Allen,DL,JAX,28,1697,,,
10888,Jalen Carter,DL,PHI,25,1692,,,
LAR,Los Angeles Rams,DEF,LAR,26,1688,,,
6183,Andrew Van Ginkel,LB,MIN,30,1687,,,
11624,Xavier Worthy,WR,KC,23,1675,1940,1551,8
12578,Carson Schwesinger,LB,CLE,23,1674,,,
7922,Riley Patterson,K,MIA,26,1646,,,
11539,Jake Bates,K,DET,27,1646,,,
10955,Chad Ryland,K,ARI,26,1643,,,
NO,New Orleans Saints,DEF,NO,26,1642,,,
4999,Josh Sweat,DL,ARI,29,1636,,,
7021,Rico Dowdle,RB,PIT,27,1632,1660,1327,23
13275,Ty Simpson,QB,LAR,23,1629,2547,2036,-20
7611,Rhamondre Stevenson,RB,NE,28,1625,1664,1330,22
8121,Romeo Doubs,WR,NE,26,1624,1651,1320,23
8110,Jake Ferguson,TE,DAL,27,1615,1914,1530,6
12484,Jayden Higgins,WR,HOU,23,1607,1729,1382,16
5947,Jakobi Meyers,WR,JAX,29,1605,1631,1304,23
12562,Nic Scourton,DL,CAR,21,1598,,,
12597,Nick Emmanwori,DB,SEA,22,1598,,,
12574,Abdul Carter,DL,NYG,22,1591,,,
13345,Jonah Coleman,RB,DEN,22,1590,2115,1690,-6
10880,Jack Campbell,LB,DET,25,1587,,,
3198,Derrick Henry,RB,BAL,32,1583,2729,2181,-27
13349,Eli Stowers,TE,PHI,23,1583,2439,1949,-19
5967,Tony Pollard,RB,TEN,29,1576,1607,1284,23
7567,Kenneth Gainwell,RB,TB,27,1574,1636,1308,20
11669,Laiatu Latu,DL,IND,25,1571,,,
5119,Jason Sanders,K,NYJ,30,1570,,,
8266,Quay Walker,LB,LV,26,1570,,,
8210,Chig Okonkwo,TE,WAS,26,1564,1596,1276,23
6650,Chase McLaughlin,K,TB,30,1559,,,
12530,Travis Hunter,WR,JAX,23,1559,2060,1646,-5
LAC,Los Angeles Chargers,DEF,LAC,26,1559,,,
8329,Devin Lloyd,LB,CAR,27,1544,,,
12490,Bhayshul Tuten,RB,JAX,23,1544,2256,1803,-14
7042,Tyler Bass,K,BUF,29,1537,,,
12533,Jacory Croskey-Merritt,RB,WAS,25,1537,1589,1270,21
1373,Geno Smith,QB,NYJ,35,1533,1562,1248,23
PHI,Philadelphia Eagles,DEF,PHI,26,1533,,,
3257,Jacoby Brissett,QB,ARI,33,1525,1553,1241,23
10917,Byron Young,LB,LAR,28,1523,,,
DET,Detroit Lions,DEF,DET,26,1518,,,
7672,Ernest Jones,LB,SEA,26,1514,,,
10940,Nick Herbig,LB,PIT,24,1512,,,
6806,J.K. Dobbins,RB,DEN,27,1511,1548,1237,22
12568,Jalon Walker,DL,ATL,22,1507,,,
12713,Andy Borregales,K,NE,23,1504,,,
7648,Nick Bolton,LB,KC,26,1501,,,
11687,Edgerrin Cooper,LB,GB,24,1501,,,
4968,Tremaine Edmunds,LB,NYG,28,1500,,,
12711,Tyler Loop,K,BAL,24,1500,,,
LV,Las Vegas Raiders,DEF,LV,26,1500,,,
NYG,New York Giants,DEF,NYG,26,1495,,,
10899,Gervon Dexter,DL,CHI,24,1492,,,
3451,Ka'imi Fairbairn,K,HOU,32,1491,,,
5012,Mark Andrews,TE,BAL,30,1491,1582,1264,18
6949,Jordyn Brooks,LB,MIA,28,1490,,,
8136,Rachaad White,RB,WAS,27,1480,1506,1204,23
8359,Marcus Jones,DB,NE,27,1480,,,
8308,Derek Stingley,DB,HOU,24,1469,,,
11565,J.J. McCarthy,QB,MIN,23,1469,1497,1197,23
DAL,Dallas Cowboys,DEF,DAL,26,1467,,,
12552,Walter Nolen,DL,ARI,22,1465,,,
12961,Ryan Fitzgerald,K,CAR,25,1462,,,
TB,Tampa Bay Buccaneers,DEF,TB,26,1462,,,
5816,Nick Bosa,DL,SF,28,1461,,,
10916,Kobie Turner,DL,LAR,27,1459,,,
CHI,Chicago Bears,DEF,CHI,26,1459,,,
BUF,Buffalo Bills,DEF,BUF,26,1458,,,
10866,Aidan O'Connell,QB,LV,27,1457,,,
10921,Yaya Diaby,DL,TB,27,1452,,,
11667,Dallas Turner,LB,MIN,23,1452,,,
9480,Brenton Strange,TE,JAX,25,1451,1578,1261,15
5844,T.J. Hockenson,TE,MIN,28,1447,1524,1218,19
JAX,Jacksonville Jaguars,DEF,JAX,26,1446,,,
6807,Patrick Queen,LB,PIT,26,1442,,,
13288,Nicholas Singleton,RB,TEN,22,1441,1882,1504,-4
10874,Bryan Bresee,DL,NO,24,1440,,,
GB,Green Bay Packers,DEF,GB,26,1436,,,
WAS,Washington Commanders,DEF,WAS,26,1435,,,
TEN,Tennessee Titans,DEF,TEN,26,1435,,,
11533,Brandon Aubrey,K,DAL,31,1432,,,
8134,Khalil Shakir,WR,BUF,26,1427,1452,1161,23
11261,Andre Szmyt,K,CLE,27,1423,,,
8161,Malik Willis,QB,MIA,27,1410,2521,2015,-30
11655,Tyrone Tracy,RB,NYG,26,1409,1334,1066,32
NE,New England Patriots,DEF,NE,26,1405,,,
8132,Tyler Allgeier,RB,ARI,26,1399,1434,1146,22
11703,Jalyx Hunt,DL,PHI,25,1398,,,
3678,Wil Lutz,K,DEN,31,1397,,,
8355,Kayvon Thibodeaux,DL,NYG,25,1394,,,
8676,Rashid Shaheed,WR,SEA,27,1385,1270,1015,36
6315,Tyrel Dodson,LB,MIA,27,1377,,,
4195,Jake Elliott,K,PHI,31,1372,,,
8339,Kyle Hamilton,DB,BAL,25,1372,,,
12015,Harrison Mevis,K,LAR,24,1371,,,
11653,Charlie Smyth,K,NO,24,1370,,,
11603,AJ Barner,TE,SEA,24,1369,1400,1119,22
10937,Jake Moody,K,WAS,26,1367,,,
11760,Austin Booker,DL,CHI,23,1362,,,
7651,Jeremiah Owusu-Koramoah,LB,CLE,26,1359,,,
9229,Anthony Richardson,QB,IND,24,1356,952,761,78
13272,Carson Beck,QB,ARI,23,1355,1620,1295,5
8752,Ja'Quan McMillian,DB,DEN,25,1352,,,
6118,Quinnen Williams,DL,DAL,28,1350,,,
10883,Will McDonald,DL,NYJ,26,1346,,,
12185,Spencer Shrader,K,IND,27,1334,,,
11742,Cedric Gray,LB,TEN,23,1330,,,
5022,Dallas Goedert,TE,PHI,31,1326,1319,1054,26
7765,Jonathon Cooper,DL,DEN,28,1321,,,
11710,Calen Bullock,DB,HOU,23,1321,,,
4037,Chris Godwin,WR,TB,30,1312,1507,1204,9
BAL,Baltimore Ravens,DEF,BAL,26,1307,,,
11646,Jalen Coker,WR,CAR,24,1306,1437,1149,14
5332,Foyesade Oluokun,LB,JAX,30,1305,,,
5912,Carl Granderson,DL,NO,29,1305,,,
6214,Quincy Williams,LB,CLE,29,1305,,,
11656,Nate Wiggins,DB,BAL,22,1305,,,
6818,Nnamdi Madubuike,DL,BAL,28,1302,,,
11726,Kamren Kinchens,DB,LAR,23,1298,,,
8408,Jordan Mason,RB,MIN,27,1297,1356,1084,20
12474,Woody Marks,RB,HOU,25,1293,1316,1052,23
12605,Jacob Parrish,DB,TB,22,1293,,,
11678,Cooper DeJean,DB,PHI,23,1290,,,
KC,Kansas City Chiefs,DEF,KC,26,1289,,,
13274,Germie Bernard,WR,PIT,22,1287,1818,1453,-11
6302,Kaden Elliss,LB,NO,30,1285,,,
MIA,Miami Dolphins,DEF,MIA,26,1280,,,
2216,Mike Evans,WR,SF,32,1277,1986,1587,-20
13337,Emmett Johnson,RB,KC,22,1273,1644,1314,-3
6784,Derrick Brown,DL,CAR,28,1272,,,
3558,Chris Jones,DL,KC,31,1270,,,
11705,Tykee Smith,DB,TB,25,1268,,,
5841,Ed Oliver,DL,BUF,28,1267,,,
13311,Chris Bell,WR,MIA,21,1267,1930,1543,-18
13301,Antonio Williams,WR,WAS,21,1265,1794,1434,-12
4227,Harrison Butker,K,KC,30,1261,,,
5189,Eddy Pineiro,K,SF,30,1256,,,
5346,Zaire Franklin,LB,GB,29,1256,,,
6528,Joey Slye,K,TEN,30,1255,,,
7591,Justin Fields,QB,KC,27,1253,855,683,83
CIN,Cincinnati Bengals,DEF,CIN,26,1253,,,
3214,Hunter Henry,TE,NE,31,1252,1276,1020,23
7635,Jaelan Phillips,LB,CAR,27,1250,,,
7002,Juwan Johnson,TE,NO,29,1247,1264,1010,23
10891,Devon Witherspoon,DB,SEA,25,1246,,,
96,Aaron Rodgers,QB,PIT,42,1245,1288,1029,21
8487,Christian Benford,DB,BUF,25,1244,,,
8392,Nick Cross,DB,WAS,24,1243,,,
6900,Jonathan Greenard,DL,PHI,29,1240,,,
11638,Ricky Pearsall,WR,SF,25,1235,1954,1562,-21
5297,Zach Sieler,DL,MIA,30,1233,,,
4033,David Njoku,TE,LAC,29,1230,1274,1018,21
6783,Jerry Jeudy,WR,CLE,27,1230,1251,1000,23
10970,Henry To'oTo'o,LB,HOU,25,1229,,,
8131,Isaiah Likely,TE,NYG,26,1226,1941,1551,-21
5580,Frankie Luvu,LB,WAS,29,1221,,,
8265,Travon Walker,LB,JAX,25,1221,,,
11637,Keon Coleman,WR,BUF,23,1220,1241,992,23
7659,Tre'von Moehrig,DB,CAR,26,1208,,,
7678,Joseph Ossai,DL,NYJ,26,1208,,,
7049,Jauan Jennings,WR,MIN,28,1206,1211,968,25
11740,Brandon Dorlus,DL,ATL,25,1204,,,
7841,Jamien Sherwood,LB,NYJ,26,1194,,,
4967,Bradley Chubb,LB,BUF,29,1193,,,
1466,Travis Kelce,TE,KC,36,1190,1583,1265,-6
4960,Roquan Smith,LB,BAL,29,1185,,,
4971,Derwin James,DB,LAC,29,1185,,,
11675,Kool-Aid McKinstry,DB,NO,23,1184,,,
8314,Jalen Pitre,DB,HOU,27,1183,,,
2311,Leonard Williams,DL,SEA,31,1182,,,
12502,Gunnar Helm,TE,TEN,23,1181,1428,1141,4
10222,Jayden Reed,WR,GB,26,1179,1860,1487,-21
5030,Harold Landry,LB,NE,29,1176,,,
8205,Isiah Pacheco,RB,DET,27,1174,1272,1017,15
9508,Tyjae Spears,RB,TEN,24,1172,1194,954,23
7527,Mac Jones,QB,SF,27,1171,1025,819,43
5839,Rashan Gary,LB,DAL,28,1169,,,
12540,Chimere Dike,WR,TEN,24,1169,809,647,81
10914,Daiyan Henley,LB,LAC,26,1168,,,
12617,Demetrius Knight,LB,CIN,25,1167,,,
11724,Trevin Wallace,LB,CAR,23,1166,,,
5330,Dorance Armstrong,DL,WAS,28,1162,,,
8376,Alex Wright,DL,CLE,25,1157,,,
4071,Marlon Humphrey,DB,BAL,29,1156,,,
10934,Zach Harrison,DL,ATL,24,1156,,,
12501,Matthew Golden,WR,GB,22,1156,2025,1619,-29
13320,Zachariah Branch,WR,ATL,22,1154,1622,1296,-11
6333,Keisean Nixon,DB,GB,28,1151,,,
8154,Brian Robinson,RB,ATL,27,1151,1276,1020,13
11676,Mike Sainristil,DB,WAS,25,1147,,,
9502,Tank Dell,WR,HOU,26,1145,1091,872,31
11586,Blake Corum,RB,LAR,25,1144,1670,1335,-14
12635,Tonka Hemingway,DL,LV,24,1139,,,
8659,Nate Landman,LB,LAR,27,1138,,,
3172,DeForest Buckner,DL,IND,32,1135,,,
6025,Mike Jackson,DB,CAR,29,1131,,,
8396,Micah McFadden,LB,NYG,26,1131,,,
ARI,Arizona Cardinals,DEF,ARI,26,1128,,,
2747,Jason Myers,K,SEA,35,1123,,,
6799,Grant Delpit,DB,CLE,27,1119,,,
12591,Xavier Watts,DB,ATL,24,1118,,,
11682,Cole Bishop,DB,BUF,23,1117,,,
7715,Cam Bynum,DB,IND,27,1113,,,
12657,Denzel Burke,DB,ARI,23,1112,,,
12524,Shedeur Sanders,QB,CLE,24,1110,1452,1161,-4
8333,Alontae Taylor,DB,TEN,27,1108,,,
12619,Jonas Sanker,DB,NO,23,1103,,,
CAR,Carolina Panthers,DEF,CAR,26,1093,,,
7695,Osa Odighizuwa,DL,SF,27,1091,,,
9504,Kayshon Boutte,WR,NE,24,1090,1107,885,23
4969,Vita Vea,DL,TB,31,1089,,,
2064,DeMarcus Lawrence,DL,SEA,34,1088,,,
13268,Elijah Sarratt,WR,BAL,23,1088,1537,1228,-11
13278,Max Klare,TE,LAR,22,1083,1348,1077,1
NYJ,New York Jets,DEF,NYJ,26,1083,,,
11610,Malik Washington,WR,MIA,25,1081,1104,882,23
10881,Christian Gonzalez,DB,NE,23,1080,,,
8348,Kerby Joseph,DB,DET,25,1077,,,
6888,Antoine Winfield,DB,TB,27,1073,,,
6485,Azeez Al-Shaair,LB,HOU,28,1071,,,
6083,Matt Gay,K,LV,32,1066,,,
5017,Jessie Bates,DB,ATL,29,1065,,,
6217,Blake Cashman,LB,MIN,30,1064,,,
6788,Xavier McKinney,DB,GB,27,1060,,,
7633,Kwity Paye,DL,LV,27,1059,,,
8122,Zonovan Knight,RB,ARI,25,1058,,,
10949,Chamarri Conner,DB,KC,25,1056,,,
13285,Malachi Fields,WR,NYG,22,1055,1482,1185,-11
5893,C.J. Gardner-Johnson,DB,BUF,28,1054,,,
13317,Ted Hurst,WR,TB,21,1054,1478,1181,-11
13417,De'Zhaun Stribling,WR,SF,23,1054,1516,1212,-13
4118,Alex Anzalone,LB,TB,31,1052,,,
6065,Cody Barton,LB,TEN,29,1052,,,
4035,Alvin Kamara,RB,NO,30,1051,1321,1056,0
8111,Cade Otton,TE,TB,27,1050,1008,806,30
SF,San Francisco 49ers,DEF,SF,26,1050,,,
8269,Jordan Davis,DL,PHI,26,1049,,,
11700,Dru Phillips,DB,NYG,24,1048,,,
6815,Zack Baun,LB,PHI,29,1047,,,
12536,Jaylin Noel,WR,HOU,23,1046,1162,929,13
5726,Robert Spillane,LB,NE,30,1045,,,
1166,Kirk Cousins,QB,LV,37,1041,1165,931,12
13405,Kaytron Allen,RB,WAS,23,1041,1453,1161,-10
8286,Dax Hill,DB,CIN,25,1039,,,
11779,Tarheeb Still,DB,LAC,23,1039,,,
5001,Dalton Schultz,TE,HOU,29,1038,918,734,41
12497,Tory Horton,WR,SEA,23,1037,1054,842,23
8267,Nakobe Dean,LB,LV,25,1033,,,
7667,Tyson Campbell,DB,CLE,26,1031,,,
5466,John Franklin-Myers,DL,TEN,29,1030,,,
6803,Brandon Aiyuk,WR,SF,28,1030,1258,1005,2
8364,Trent McDuffie,DB,LAR,25,1024,,,
8400,Travis Jones,DL,BAL,26,1022,,,
12469,Dylan Sampson,RB,CLE,21,1021,1300,1039,-2
4135,Trey Hendrickson,DL,BAL,31,1020,,,
10974,Antonio Johnson,DB,JAX,24,1018,,,
7641,Pat Surtain,DB,DEN,26,1016,,,
4976,Daron Payne,DL,WAS,29,1014,,,
5843,Devin Bush,LB,CHI,27,1013,,,
10213,Tre Tucker,WR,LV,25,1013,850,679,49
11627,Troy Franklin,WR,DEN,23,1002,951,760,32
5095,Daniel Carlson,K,,31,1000,,,
5894,Germaine Pratt,LB,,29,1000,,,
6802,A.J. Epenesa,DL,,27,1000,,,
11008,Anders Carlson,K,,27,1000,,,
12498,Mason Taylor,TE,NYJ,22,998,816,652,53
5944,Bobby Okereke,LB,,29,997,,,
6800,K'Lavon Chaisson,LB,WAS,26,995,,,
5847,Dexter Lawrence,DL,CIN,28,994,,,
7136,Kam Curl,DB,LAR,27,987,,,
7626,Odafe Oweh,LB,WAS,27,986,,,
12565,Will Johnson,DB,ARI,23,986,,,
5960,T.J. Edwards,LB,CHI,29,983,,,
11662,Quinyon Mitchell,DB,PHI,24,980,,,
4032,Jonathan Allen,DL,CIN,31,978,,,
3161,Carson Wentz,QB,MIN,33,976,,,
10930,Riley Moss,DB,DEN,26,976,,,
11739,Evan Williams,DB,GB,24,975,,,
12499,Elic Ayomanor,WR,TEN,23,974,948,758,28
7811,Talanoa Hufanga,DB,DEN,26,973,,,
12604,Andrew Mukuba,DB,PHI,23,973,,,
12647,Billy Bowman,DB,ATL,23,970,,,
11668,Byron Murphy,DL,SEA,23,969,,,
6141,Drue Tranquill,LB,KC,30,968,,,
13289,Drew Allar,QB,PIT,22,968,1201,960,1
8323,Jaquan Brisker,DB,PIT,27,964,,,
11328,Jalen Redmond,DL,MIN,27,962,,,
6219,Austin Seibert,K,,28,958,,,
11661,Terrion Arnold,DB,DET,23,958,,,
5908,Amani Hooker,DB,TEN,27,957,,,
13305,Mike Washington,RB,LV,22,956,1366,1092,-12
6923,Geno Stone,DB,BUF,27,953,,,
7819,Deommodore Lenoir,DB,SF,26,939,,,
13353,Chris Brazzell,WR,CAR,22,939,1413,1129,-17
6119,Devin White,LB,,28,937,,,
8104,Dee Alford,DB,BUF,28,936,,,
12556,Donovan Ezeiruaku,DL,DAL,22,936,,,
12571,Mike Green,DL,BAL,22,934,,,
5041,Fred Warner,LB,SF,29,932,,,
8311,Terrel Bernard,LB,BUF,27,930,,,
9494,Marvin Mims,WR,DEN,24,930,499,399,133
5864,Byron Murphy,DB,MIN,28,926,,,
7669,Paulson Adebo,DB,NYG,26,926,,,
12652,Deone Walker,DL,BUF,22,926,,,
12573,Mason Graham,DL,CLE,22,923,,,
7600,Pat Freiermuth,TE,PIT,27,921,746,596,55
10219,Chris Rodriguez,RB,JAX,26,921,1334,1066,-14
10980,SirVocea Dennis,LB,TB,26,918,,,
11727,Payton Wilson,LB,PIT,26,913,,,
10897,Tyrique Stevenson,DB,CHI,26,912,,,
11674,Tyler Nubin,DB,NYG,24,912,,,
10901,Keeanu Benton,DL,PIT,24,908,,,
11470,Drake Thomas,LB,SEA,26,907,,,
8293,Coby Bryant,DB,CHI,27,905,,,
8374,Riq Woolen,DB,PHI,27,904,,,
5865,Dre'Mont Jones,DL,NE,29,902,,,
6111,Jake Browning,QB,TB,30,901,,,
8670,Parker Romo,K,,28,899,,,
8476,DaRon Bland,DB,DAL,26,893,,,
4081,Budda Baker,DB,ARI,30,890,,,
650,Nick Folk,K,ATL,41,889,,,
11699,Jer'Zhan Newton,DL,WAS,23,889,,,
2020,Cairo Santos,K,CHI,34,888,,,
8172,Greg Dulcich,TE,MIA,26,888,965,771,15
8343,Boye Mafe,DL,CIN,27,888,,,
125,Calais Campbell,DL,BAL,39,886,,,
4199,Aaron Jones,RB,MIN,31,886,1292,1033,-14
1052,Demario Davis,LB,NYJ,37,884,,,
10875,Myles Murphy,DL,CIN,24,880,,,
11086,Ivan Pace,LB,MIN,25,876,,,
13066,Ben Sauls,K,NYG,24,876,,,
8330,Quentin Lake,DB,LAR,27,875,,,
4233,Zane Gonzalez,K,MIA,31,874,,,
10894,DJ Turner,DB,CIN,25,872,,,
11789,Joshua Karty,K,ARI,24,872,,,
9511,Keaton Mitchell,RB,LAC,24,870,1250,999,-13
11618,Jalen McMillan,WR,TB,24,869,1429,1142,-24
10927,Jordan Battle,DB,CIN,25,866,,,
12566,Jihaad Campbell,LB,PHI,22,866,,,
6872,Kyle Dugger,DB,CIN,30,865,,,
3160,Jalen Ramsey,DB,PIT,31,864,,,
13293,Ja'Kobi Lane,WR,BAL,22,864,1284,1026,-16
11589,Trey Benson,RB,ARI,23,863,1068,854,1
12614,Shemar James,LB,DAL,21,860,,,
11663,Chop Robinson,DL,MIA,23,859,,,
5061,Uchenna Nwosu,LB,SEA,29,858,,,
8698,Jake Tonges,TE,SF,26,858,879,703,22
11583,Jonathon Brooks,RB,CAR,22,858,1803,1441,-40
8258,Cade York,K,NYJ,25,856,,,
4666,Younghoe Koo,K,NYJ,31,854,,,
5876,Julian Love,DB,SEA,28,854,,,
1945,Chris Boswell,K,PIT,35,850,,,
3233,Kevin Byard,DB,NE,32,850,,,
10882,Emmanuel Forbes,DB,LAR,25,849,,,
11030,Moro Ojomo,DL,PHI,24,845,,,
8395,Dane Belton,DB,NYJ,25,843,,,
12646,Barrett Carter,LB,CIN,23,840,,,
11714,Jonah Elliss,DL,DEN,23,839,,,
11827,Jonah Laulu,DL,LV,25,838,,,
13303,Cade Klubnik,QB,NYJ,22,838,1096,876,-4
13319,Oscar Delp,TE,NO,22,838,1069,854,-2
1433,Brandon McManus,K,,34,837,,,
12860,Theo Wease,WR,MIA,24,833,,,
11766,Jarvis Brownlee,DB,NYJ,24,830,,,
5372,D.J. Reed,DB,DET,29,828,,,
11608,Isaiah Williams,WR,NYJ,25,828,,,
11725,Jarrian Jones,DB,JAX,25,827,,,
3202,Austin Hooper,TE,ATL,31,824,,,
12561,Derrick Harmon,DL,PIT,22,819,,,
11647,Kimani Vidal,RB,LAC,24,816,779,623,31
10878,Deonte Banks,DB,NYG,25,815,,,
10913,Joey Porter,DB,PIT,25,814,,,
12640,Teddye Buchanan,LB,BAL,23,814,,,
12593,Jack Sawyer,DL,PIT,24,812,,,
8180,Jalen Nailor,WR,LV,27,800,1213,970,-18
13421,Eli Raridon,TE,NE,22,800,1026,820,-2
8932,Lucas Havrisik,K,GB,26,793,,,
7696,Milton Williams,DL,NE,27,791,,,
7044,Julian Blackmon,DB,NO,27,789,,,
12567,Malaki Starks,DB,BAL,22,789,,,
11017,Dee Winters,LB,DAL,25,788,,,
843,Cameron Heyward,DL,PIT,37,787,,,
5341,Taron Johnson,DB,LV,29,787,,,
3236,Maliek Collins,DL,CLE,31,785,,,
7346,Christian Rozeboom,LB,TB,29,785,,,
11743,Justin Eboigbe,DL,LAC,25,783,,,
6945,Antonio Gibson,RB,,27,775,,,
11597,Theo Johnson,TE,NYG,25,773,564,451,71
6896,Amik Robertson,DB,WAS,27,769,,,
7069,Alohi Gilman,DB,KC,28,768,,,
5854,Drew Lock,QB,SEA,29,767,,,
10944,Tavius Robinson,DL,BAL,27,766,,,
2617,Alex Singleton,LB,DEN,32,763,,,
13402,Skyler Bell,WR,BUF,23,762,1310,1047,-27
2449,Stefon Diggs,WR,,32,761,1314,1050,-28
4017,Deshaun Watson,QB,CLE,30,752,1317,1053,-29
7391,Bryce Huff,DL,,27,752,,,
4168,Grover Stewart,DL,IND,32,751,,,
5067,Arden Key,DL,IND,30,749,,,
6868,DJ Wonnum,DL,DET,28,747,,,
9486,Dontayvion Wicks,WR,PHI,24,747,760,607,23
12427,Dondrea Tillman,DL,DEN,28,746,,,
10911,Derick Hall,DL,SEA,25,742,,,
5872,Deebo Samuel,WR,,30,738,752,601,23
4963,Minkah Fitzpatrick,DB,NYJ,29,736,,,
7711,Tommy Togiai,DL,HOU,26,735,,,
8406,Reed Blankenship,DB,HOU,27,734,,,
11686,Javon Bullard,DB,GB,23,733,,,
11677,Braden Fiske,DL,LAR,26,731,,,
12509,Tre' Harris,WR,LAC,24,731,1248,997,-27
6711,Jalen Thompson,DB,DAL,27,730,,,
4066,Evan Engram,TE,DEN,31,723,665,532,36
7642,Jaycee Horn,DB,CAR,26,722,,,
7677,Divine Deablo,LB,ATL,27,721,,,
6901,Joshua Metellus,DB,MIN,28,718,,,
7666,Jevon Holland,DB,NYG,26,718,,,
4413,Eric Wilson,LB,MIN,31,717,,,
11734,Tyrice Knight,LB,SEA,25,715,,,
5054,Carlton Davis,DB,NE,29,712,,,
7058,Jaylinn Hawkins,DB,BAL,28,707,,,
4170,Samson Ebukam,DL,ATL,31,706,,,
7670,Joshua Palmer,WR,BUF,26,703,,,
13400,Justin Joly,TE,DEN,21,703,968,774,-9
7647,Pete Werner,LB,NO,26,702,,,
10885,Lukas Van Ness,DL,GB,24,701,,,
7676,Malcolm Koonce,DL,LV,27,700,,,
11562,Spencer Rattler,QB,NO,25,698,101,81,762
3217,Jihad Ward,DL,,31,695,,,
12535,Isaac TeSlaa,WR,DET,24,695,1250,999,-30
12631,Upton Stout,DB,SF,24,695,,,
5848,Marquise Brown,WR,PHI,28,694,300,240,189
2036,Khalil Mack,LB,LAC,35,692,,,
7687,Nahshon Wright,DB,NYJ,27,691,,,
6056,Dre Greenlaw,LB,SF,29,688,,,
7726,Derrick Barnes,LB,DET,27,687,,,
11581,MarShawn Lloyd,RB,GB,25,686,1224,978,-30
4137,James Conner,RB,ARI,31,682,710,567,20
11576,Braelon Allen,RB,NYJ,22,681,1212,969,-30
9482,Michael Mayer,TE,LV,24,680,659,527,29
5071,DeShon Elliott,DB,PIT,29,679,,,
10889,Tyree Wilson,LB,NO,26,678,,,
12639,Malachi Moore,DB,NYJ,24,678,,,
8362,Leo Chenal,LB,WAS,25,676,,,
12596,Maxwell Hairston,DB,BUF,22,674,,,
4039,Cooper Kupp,WR,SEA,32,672,549,439,53
9506,Sean Tucker,RB,TB,24,670,682,545,23
11842,Tatum Bethune,LB,SF,25,670,,,
11435,Emanuel Wilson,RB,SEA,27,663,683,546,21
7342,Michael Hoecht,DL,BUF,28,661,,,
4454,Kendrick Bourne,WR,ARI,30,658,,,
4964,Denzel Ward,DB,CLE,29,658,,,
8270,Devonte Wyatt,DL,GB,28,658,,,
5230,Michael Badgley,K,,30,653,,,
6865,Colby Parkinson,TE,LAR,27,651,550,440,48
7637,Zaven Collins,LB,ARI,27,651,,,
13404,Garrett Nussmeier,QB,KC,24,649,863,690,-6
3634,Kalif Raymond,WR,CHI,31,648,,,
8365,Kyler Gordon,DB,CHI,26,647,,,
7090,Darnell Mooney,WR,NYG,28,642,653,522,23
10873,Nolan Smith,LB,PHI,25,642,,,
11749,Cam Hart,DB,LAC,25,642,,,
4259,Al-Quadin Muhammad,DL,TB,31,641,,,
8341,Cam Taylor-Britt,DB,IND,26,640,,,
8494,James Houston,LB,DAL,27,635,,,
7698,Andre Cisco,DB,NYJ,26,634,,,
12483,Jack Bech,WR,LV,23,634,1165,931,-32
8680,Jack Gibbens,LB,ARI,27,629,,,
11588,Jawhar Jordan,RB,HOU,26,626,,,
11625,Adonai Mitchell,WR,NYJ,23,626,734,587,7
12654,Craig Woodson,DB,NE,25,624,,,
8398,Jermaine Johnson,LB,TEN,27,621,,,
9225,Tank Bigsby,RB,PHI,23,621,1119,894,-31
6120,Christian Wilkins,DL,,29,620,,,
5378,Jacob Martin,DL,TEN,30,612,,,
9999,Will Levis,QB,TEN,26,612,154,123,398
7649,Dayo Odeyingbo,DL,CHI,26,609,,,
4177,Mack Hollins,WR,NE,32,608,,,
11697,Renardo Green,DB,SF,25,608,,,
6977,Justin Strnad,LB,DEN,29,604,,,
10933,DeMarvion Overshown,LB,DAL,25,600,,,
12487,Terrance Ferguson,TE,LAR,23,599,1053,842,-29
6826,Cole Kmet,TE,CHI,27,597,268,214,179
13380,Brenen Thompson,WR,LAC,22,597,905,723,-17
13347,Demond Claiborne,RB,MIN,22,595,1165,931,-36
10936,Ji'Ayir Brown,DB,SF,26,594,,,
6860,Akeem Davis-Gaither,LB,IND,28,592,,,
8838,Isaiah Pola-Mao,DB,LV,26,590,,,
11575,Ray Davis,RB,BUF,26,589,595,476,24
6131,Mack Wilson,LB,ARI,28,587,,,
8294,Bryan Cook,DB,CIN,26,578,,,
7133,Isaiah Rodgers,DB,MIN,28,577,,,
5133,Tyler Conklin,TE,DET,30,576,,,
7674,Patrick Jones,DL,CAR,27,575,,,
12504,Kaleb Johnson,RB,PIT,22,573,1179,942,-39
3186,Kenny Clark,DL,DAL,30,571,,,
11626,Xavier Legette,WR,CAR,25,571,521,416,37
5946,Jamel Dean,DB,PIT,29,569,,,
4981,Calvin Ridley,WR,TEN,31,566,581,464,22
2322,Arik Armstead,DL,JAX,32,564,,,
8275,Josh Jobe,DB,SEA,28,558,,,
8290,Sauce Gardner,DB,IND,25,556,,,
2307,Marcus Mariota,QB,WAS,32,553,309,247,124
12492,Pat Bryant,WR,DEN,23,553,801,640,-14
8373,Jaylen Watson,DB,LAR,27,552,,,
6836,A.J. Terrell,DB,ATL,27,549,,,
8261,Jack Jones,DB,SF,28,548,,,
12623,Ashton Gillotte,DL,KC,23,548,,,
8917,KaVontae Turpin,WR,DAL,29,546,120,96,469
12467,Jordan James,RB,SF,22,545,850,679,-20
13302,Adam Randall,RB,BAL,21,545,1028,822,-34
13414,Kaelon Black,RB,SF,24,545,1053,842,-35
6416,Andrew Wingard,DB,ARI,29,543,,,
6911,Brandon Jones,DB,DEN,28,542,,,
2308,Dante Fowler,LB,SEA,31,541,,,
13075,Myles Price,WR,MIN,24,540,,,
13338,Kevin Coleman,WR,MIA,22,540,825,659,-18
13420,Bryce Lance,WR,NO,23,540,821,656,-18
8381,Cobie Durant,DB,DAL,28,539,,,
5272,Greg Joseph,K,,31,538,,,
5792,Jeremy Reaves,DB,WAS,29,538,,,
13401,Michael Trigg,TE,DAL,23,538,760,607,-11
8384,Zyon McCollum,DB,TB,27,537,,,
7016,Jeremy Chinn,DB,LV,28,535,,,
7117,L'Jarius Sneed,DB,,29,535,,,
13296,Caleb Douglas,WR,MIA,22,534,761,608,-12
8388,Troy Andersen,LB,ATL,27,531,,,
12602,Mykel Williams,DL,SF,21,529,,,
3156,Joey Bosa,LB,,30,528,,,
10231,Elijah Higgins,TE,ARI,25,528,,,
11949,Brayden Narveson,K,,25,527,,,
6003,Anthony Nelson,LB,TB,29,524,,,
2306,Jameis Winston,QB,NYG,32,522,344,275,90
4993,Mike Gesicki,TE,CIN,30,519,326,261,99
3321,Tyreek Hill,WR,,31,518,860,687,-25
13306,Taylen Green,QB,CLE,23,514,730,583,-12
12559,Shavon Revel,DB,DAL,25,507,,,
13324,Matt Hibner,TE,BAL,24,502,478,382,31
17,Matt Prater,K,,41,500,,,
871,Von Miller,LB,,36,500,,,
957,Cameron Jordan,DL,,36,500,,,
1192,Lavonte David,LB,,36,500,,,
1213,Harrison Smith,DB,,37,500,,,
1233,Bobby Wagner,LB,,35,500,,,
1339,Zach Ertz,TE,,35,500,,,
1426,DeAndre Hopkins,WR,,33,500,,,
1947,Jadeveon Clowney,DL,,33,500,,,
2130,Kyle Van Noy,LB,,34,500,,,
2374,Tyler Lockett,WR,,33,500,,,
2505,Darren Waller,TE,,33,500,,,
2749,Raheem Mostert,RB,,33,500,,,
3174,Leonard Floyd,LB,,33,500,,,
3200,Sterling Shepard,WR,,33,500,,,
4063,Haason Reddick,LB,,31,500,,,
4098,Kareem Hunt,RB,,30,500,,,
4136,Rasul Douglas,DB,,31,500,,,
4381,Taysom Hill,TE,,35,500,,,
4427,Kenny Moore,DB,,30,500,,,
4663,Austin Ekeler,RB,,30,500,,,
5526,Darious Williams,DB,,32,500,,,
6151,Miles Sanders,RB,,28,500,,,
6291,Donovan Wilson,DB,,31,500,,,
12476,Devin Neal,RB,NO,22,498,432,345,44
7694,Tommy Tremble,TE,CAR,26,497,,,
4950,Christian Kirk,WR,SF,29,494,417,333,48
6943,Gabe Davis,WR,,26,494,,,
6301,Nick Scott,DB,CAR,31,490,,,
12485,Tez Johnson,WR,TB,24,490,383,306,60
2592,Grady Jarrett,DL,CHI,33,488,,,
10218,Xavier Hutchinson,WR,HOU,26,486,,,
12510,Jalen Milroe,QB,SEA,23,485,722,577,-16
11783,Ryan Flournoy,WR,DAL,26,479,420,336,43
6130,Devin Singletary,RB,NYG,28,478,103,82,483
9501,DeMario Douglas,WR,NE,25,476,310,248,92
7571,Rashod Bateman,WR,BAL,26,469,404,323,45
12547,Kyle Williams,WR,NE,23,463,837,669,-31
12581,Darius Alexander,DL,NYG,25,462,,,
5906,Dawson Knox,TE,BUF,29,461,141,113,308
10935,Trenton Simpson,LB,BAL,24,458,,,
12648,Cody Simon,LB,ARI,24,457,,,
10923,Dorian Williams,LB,BUF,24,455,,,
13282,Jack Endries,TE,CIN,22,455,594,475,-4
13423,Eli Heidenreich,RB,PIT,22,453,784,627,-28
4191,Matt Milano,LB,,31,452,,,
12495,Ollie Gordon,RB,MIA,22,452,741,592,-24
4982,Mike Hughes,DB,ATL,29,442,,,
13333,Deion Burks,WR,IND,23,442,562,449,-2
8310,Cor'Dale Flott,DB,TEN,24,437,,,
12521,Elijah Arroyo,TE,SEA,23,433,783,626,-31
12611,Lathan Ransom,DB,CAR,23,431,,,
13411,Zavion Thomas,WR,CHI,22,431,616,492,-12
11728,Jaden Hicks,DB,KC,23,426,,,
11592,Erick All,TE,CIN,25,425,,,
7528,Najee Harris,RB,,27,421,428,342,23
13270,CJ Daniels,WR,LAR,24,420,544,435,-3
6218,E.J. Speed,LB,HOU,31,417,,,
8382,Kingsley Enagbare,DL,NYJ,26,417,,,
11650,Luke McCaffrey,WR,WAS,25,409,92,74,453
11643,Jaylen Wright,RB,MIA,23,408,725,579,-30
13348,J'Mari Taylor,RB,JAX,24,408,632,505,-19
8360,Logan Hall,DL,HOU,26,406,,,
5857,Noah Fant,TE,NO,28,404,67,54,648
12658,Jackson Hawes,TE,BUF,25,404,,,
12544,LeQuint Allen,RB,JAX,21,403,565,452,-11
10214,Davis Allen,TE,LAR,25,397,,,
11600,Ja'Tavion Sanders,TE,CAR,23,397,404,323,23
9757,Kendre Miller,RB,NO,23,395,202,161,145
6149,Darius Slayton,WR,NYG,29,394,149,119,231
13408,Tanner Koziol,TE,JAX,22,394,453,362,9
8159,Desmond Ridder,QB,,26,392,,,
8188,Tyquan Thornton,WR,KC,25,389,173,138,182
12503,Isaiah Bond,WR,CLE,22,388,414,331,17
4144,Jonnu Smith,TE,,30,387,80,64,505
13434,Will Kacmarek,TE,MIA,23,387,418,334,16
3369,Elandon Roberts,LB,,31,383,,,
4082,Curtis Samuel,WR,,29,379,,,
7782,Isaiah McDuffie,LB,GB,26,377,,,
8325,Arnold Ebiketie,DL,PHI,27,377,,,
8143,Jerome Ford,RB,WAS,26,376,102,82,359
6845,Zack Moss,RB,,27,374,,,
2197,Brandin Cooks,WR,,32,372,,,
5987,Alexander Mattison,RB,,27,371,,,
12564,Kenneth Grant,DL,MIA,22,370,,,
8125,Calvin Austin,WR,NYG,27,369,189,151,144
12457,Jaydon Blue,RB,DAL,22,368,663,530,-31
13307,Marlin Klein,TE,HOU,23,368,376,301,22
11623,Jordan Whittington,WR,LAR,25,367,,,
13403,Jam Miller,RB,NE,21,366,487,389,-6
3271,Tyler Higbee,TE,LAR,33,365,80,64,470
12511,Will Howard,QB,PIT,24,365,368,294,24
10226,Andrei Iosivas,WR,CIN,26,364,175,140,160
8168,Skyy Moore,WR,GB,25,363,,,
13322,Sam Roush,TE,CHI,22,361,290,232,56
3976,Mitchell Trubisky,QB,TEN,31,360,,,
12531,Trevor Etienne,RB,CAR,21,357,368,294,21
8117,Jalen Tolbert,WR,MIA,27,351,360,288,22
12554,Tyleik Williams,DL,DET,23,351,,,
6853,Van Jefferson,WR,WAS,29,348,,,
12978,Elijah Ponder,DL,NE,23,346,,,
6828,AJ Dillon,RB,CAR,28,344,,,
503,Graham Gano,K,,38,341,,,
12470,Riley Leonard,QB,IND,23,341,345,276,24
11695,Ruke Orhorhoro,DL,JAX,24,340,,,
11785,Cedric Johnson,DL,CIN,23,339,,,
11377,Tyrell Shavers,WR,BUF,26,337,,,
11579,Audric Estime,RB,NO,22,336,98,78,331
6268,Matthew Wright,K,,29,335,,,
13424,Seth McGowan,RB,IND,24,335,586,468,-28
12621,Josaiah Stewart,DL,LAR,23,334,,,
13422,Jaren Kanak,TE,TEN,22,332,263,210,58
7585,Davis Mills,QB,HOU,27,331,121,97,241
6869,Adam Trautman,TE,DEN,29,325,,,
10904,Keion White,DL,SF,27,323,,,
5970,Greg Dortch,WR,DET,28,322,41,33,876
13413,Cyrus Allen,WR,KC,23,322,382,305,6
12601,Azareye'h Thomas,DB,NYJ,21,321,,,
8204,Bo Melton,WR,GB,27,320,,,
9479,Darnell Washington,TE,PIT,24,320,251,201,59
13335,Cole Payton,QB,PHI,23,319,322,257,24
11168,Xavier Smith,WR,LAR,28,318,,,
13416,Roman Hemby,RB,LV,23,318,297,237,34
12538,Brady Cook,QB,NYJ,24,316,,,
5995,Justice Hill,RB,BAL,28,315,193,154,105
8390,Martin Emerson,DB,NO,25,314,,,
11834,Devaughn Vele,WR,NO,28,313,168,134,134
3303,Matthew Judon,LB,,33,312,,,
4018,Joe Mixon,RB,,29,306,282,225,36
6839,Jaylon Johnson,DB,CHI,27,306,,,
7607,Michael Carter,RB,TEN,27,306,81,65,371
12140,Omar Speights,LB,LAR,25,306,,,
12455,Brashard Smith,RB,KC,23,305,273,218,40
5973,Josh Oliver,TE,MIN,29,302,,,
11846,Jowon Briggs,DL,NYJ,24,302,,,
1234,Russell Wilson,QB,,37,300,,,
2028,Derek Carr,QB,,34,300,,,
11571,Isaiah Davis,RB,NYJ,24,300,286,229,31
10943,Isaiah McGuire,DL,CLE,24,298,,,
12486,Dillon Gabriel,QB,CLE,25,298,91,73,308
13394,Josh Cameron,WR,JAX,23,298,317,253,18
12595,Trey Amos,DB,WAS,24,297,,,
11691,T'Vondre Sweat,DL,NYJ,24,296,,,
11658,Darius Robinson,DL,ARI,24,294,,,
11570,Rasheen Ali,RB,BAL,25,292,,,
12641,Jaylin Lane,WR,WAS,24,292,251,201,45
10228,Charlie Jones,WR,CIN,27,290,,,
12471,DJ Giddens,RB,IND,22,290,585,468,-38
12472,Raheim Sanders,RB,CLE,23,290,,,
19,Joe Flacco,QB,CIN,41,289,243,194,49
12588,Kevin Winston,DB,TEN,22,289,,,
12557,Jahdae Barron,DB,DEN,24,288,,,
10872,Felix Anudike-Uzomah,DL,KC,24,287,,,
11835,Jaylen Harrell,DL,TEN,24,287,,,
11694,Marshawn Kneeland,DL,,24,286,,,
10444,Cedric Tillman,WR,CLE,26,283,260,208,36
11292,Tommy DeVito,QB,NE,27,281,,,
11777,Jaylon Carlies,DB,IND,24,280,,,
12576,Benjamin Morrison,DB,TB,22,277,,,
7921,Christian Elliss,LB,NE,27,276,,,
1479,Keenan Allen,WR,,33,275,215,172,60
7680,Ifeatu Melifonwu,DB,,26,275,,,
13342,John Michael Gyllenborg,TE,KC,23,275,219,175,57
2309,Amari Cooper,WR,,31,274,,,
4179,Joshua Dobbs,QB,,31,274,,,
6039,Ty Johnson,RB,BUF,28,271,52,42,545
12500,Quinn Ewers,QB,MIA,23,271,262,209,30
7681,Baron Browning,LB,ARI,27,269,,,
7083,Tyler Huntley,QB,BAL,28,268,100,80,235
11731,Malik Mustapha,DB,SF,23,268,,,
12560,Shemar Stewart,DL,CIN,22,265,,,
5049,Harrison Phillips,DL,NYJ,30,264,,,
12584,Darien Porter,DB,LV,25,264,,,
7891,Brock Wright,TE,DET,27,263,,,
7596,Elijah Moore,WR,PHI,26,257,,,
8116,Pierre Strong,RB,GB,27,257,,,
13350,Joe Fagnano,QB,BAL,25,255,124,99,158
8147,John Metchie,WR,CAR,25,253,185,148,71
8318,Jayden Peevy,DL,,25,253,,,
11819,Levi Drake Rodriguez,DL,MIN,25,253,,,
13392,Jeff Caldwell,WR,KC,23,253,250,200,27
3286,Demarcus Robinson,WR,SF,31,251,,,
7537,Jaret Patterson,RB,LAC,26,251,,,
11748,Bub Means,WR,NO,25,251,,,
13418,Robert Henry,RB,WAS,24,247,277,221,12
12505,Jalen Royals,WR,KC,23,245,515,412,-41
12622,Nohl Williams,DB,KC,23,245,,,
8135,Treylon Burks,WR,WAS,26,240,,,
10957,Adetomiwa Adebawore,DL,IND,25,240,,,
11861,Jacoby Windmon,LB,,24,240,,,
10989,Jaquelin Roy,DL,,25,239,,,
13299,Nate Boerkircher,TE,JAX,24,239,173,138,73
13329,Malik Benson,WR,LV,23,233,185,148,57
4988,Nick Chubb,RB,,30,229,115,92,149
11771,Chau Smith-Wade,DB,CAR,23,229,,,
11569,Jarquez Hunter,RB,LAR,23,228,232,185,23
12675,Jason Marshall,DB,MIA,23,227,,,
5937,Diontae Johnson,WR,,29,223,,,
10879,Calijah Kancey,DL,TB,25,219,,,
2711,Taylor Heinicke,QB,,32,217,,,
11352,Ronnie Hickman,DB,CLE,24,217,,,
12579,Jordan Burch,DL,ARI,24,217,,,
6427,Ashton Dulin,WR,IND,29,214,,,
8119,Jahan Dotson,WR,ATL,26,212,176,141,50
8305,Montaric Brown,DB,JAX,26,211,,,
12636,Que Robinson,LB,DEN,25,209,,,
11679,Chris Braswell,LB,TB,24,208,,,
7828,Noah Gray,TE,KC,27,206,167,133,55
8225,Daniel Bellinger,TE,TEN,25,205,35,28,632
4464,Nick Mullens,QB,JAX,31,204,,,
7066,K.J. Osborn,WR,TEN,28,204,,,
9481,Luke Musgrave,TE,GB,25,204,139,111,84
4147,Samaje Perine,RB,CIN,30,201,8,6,3250
7664,Christian Barmore,DL,NE,26,201,,,
11237,Jacob Saylors,RB,DET,25,201,,,
12543,Tahj Brooks,RB,CIN,24,201,359,287,-30
2078,Odell Beckham,WR,NYG,33,200,407,325,-38
8358,Josh Paschal,DL,,26,200,,,
12541,Dont'e Thornton,WR,LV,23,200,359,287,-30
11557,Joe Milton,QB,DAL,26,199,340,272,-27
12482,Savion Williams,WR,GB,24,198,96,77,157
5938,Lil'Jordan Humphrey,WR,DEN,28,197,,,
11021,Desjuan Johnson,DL,LAR,26,196,,,
7679,Alim McNeill,DL,DET,26,195,,,
11860,Beanie Bishop,DB,NO,26,195,,,
12462,Damien Martinez,RB,GB,22,194,106,85,128
10976,Kyu Blu Kelly,DB,,24,193,,,
11720,Marist Liufau,LB,DAL,25,193,,,
11640,Jermaine Burton,WR,,24,192,,,
8380,Thomas Booker,DL,LV,26,191,,,
11593,Brevyn Spann-Ford,TE,DAL,26,190,,,
6220,Cole Holcomb,LB,PIT,29,189,,,
10954,Clark Phillips,DB,ATL,24,189,,,
11299,Zavier Scott,RB,MIN,26,189,,,
4234,Noah Brown,WR,,30,187,,,
11698,Maason Smith,DL,ATL,23,186,,,
8127,Charlie Kolar,TE,LAC,27,185,,,
11778,Jordan Magee,LB,WAS,25,185,,,
11693,Max Melton,DB,ARI,24,184,,,
11052,Jaylon Jones,DB,IND,24,183,,,
12594,JT Tuimoloau,DL,IND,23,183,,,
827,Tyrod Taylor,QB,GB,36,182,76,61,198
5334,Josey Jewell,LB,,30,181,,,
12694,RJ Mickens,DB,LAC,24,180,,,
4171,Josh Reynolds,WR,,31,178,,,
11370,Chris Brooks,RB,GB,26,178,307,245,-27
12183,Chris Roland-Wallace,DB,KC,24,178,,,
6921,Josh Uche,LB,MIA,27,177,,,
10871,Luke Schoonmaker,TE,DAL,27,177,,,
11895,Mason Tipton,WR,NO,25,177,,,
12971,Ke'Shawn Williams,WR,CIN,24,176,,,
11577,Will Shipley,RB,PHI,23,173,126,101,71
13435,Joe Royer,TE,CLE,24,173,89,71,144
11574,Dylan Laube,RB,LV,26,170,,,
8220,Sincere McCormick,RB,,25,168,,,
10216,Kenny McIntosh,RB,SEA,26,167,,,
2359,Ameer Abdullah,RB,JAX,32,163,,,
8368,Sam Williams,DL,DAL,27,163,,,
12720,Zeek Biggers,DL,MIA,22,163,,,
7018,Malcolm Roach,DL,DEN,27,162,,,
12473,Mitchell Evans,TE,CAR,23,162,32,26,523
7757,Ben Skowronek,WR,PIT,28,161,,,
11692,Mike Hall,DL,CLE,22,161,,,
7301,Tershawn Wharton,DL,CAR,27,159,,,
12670,KeAndre Lambert-Smith,WR,LAC,24,159,135,108,47
11068,Mitch Tinsley,WR,CIN,26,158,,,
7629,Payton Turner,DL,DET,27,157,,,
7842,Luke Farrell,TE,SF,28,156,,,
9492,Trey Palmer,WR,NO,25,156,,,
11744,Dadrion Taylor-Demerson,DB,ARI,25,156,,,
12583,Oluwafemi Oladejo,DL,TEN,22,156,,,
10932,Garrett Williams,DB,ARI,25,153,,,
11193,Brenton Cox,LB,GB,26,153,,,
4972,Mason Rudolph,QB,PIT,30,152,62,50,204
7024,James Smith-Williams,DL,,27,151,,,
11320,Nikko Remigio,WR,KC,26,151,,,
12612,T.J. Sanders,DL,BUF,22,148,,,
12910,B.J. Green,DL,JAX,22,148,,,
8254,Julius Chestnut,RB,TEN,25,147,,,
6271,Olamide Zaccheaus,WR,ATL,28,145,33,26,458
11762,Anthony Gould,WR,IND,25,145,,,
12683,Tyrion Ingram-Dawkins,DL,MIN,22,145,,,
12037,Reddy Steward,DB,DAL,25,144,,,
829,Andy Dalton,QB,PHI,38,143,,,
4068,Mike Williams,WR,,30,143,,,
4449,Nicholas Morrow,LB,,29,142,,,
10234,Derius Davis,WR,LAC,25,142,,,
11630,Roman Wilson,WR,PIT,24,142,59,47,202
12638,Quincy Riley,DB,NO,25,142,,,
7612,Dee Eskridge,WR,,28,141,,,
8200,Kevin Austin,WR,NO,26,141,,,
8278,Christian Harris,LB,ATL,25,141,,,
6814,Laviska Shenault,WR,,26,140,,,
11256,Tyson Bagent,QB,CHI,25,139,56,45,209
11872,Thomas Harper,DB,DET,25,139,,,
12142,Jaylen McCollough,DB,LAR,25,139,,,
4965,Marcus Davenport,DL,,29,137,,,
9495,Rakim Jarrett,WR,,24,137,,,
5257,Tim Boyle,QB,,30,136,,,
11037,Cory Trice,DB,,25,136,,,
11306,Xavier Gipson,WR,NYG,25,136,,,
11651,Isaac Guerendo,RB,SF,25,136,154,123,11
12644,Barryn Sorrell,DL,GB,23,134,,,
12738,Phil Mafah,RB,DAL,23,134,63,50,168
5917,Mecole Hardman,WR,BUF,28,133,,,
11199,Emari Demercado,RB,KC,27,133,26,21,533
11596,Ben Sinnott,TE,WAS,23,133,228,182,-27
11688,Kris Jenkins,DL,CIN,24,133,,,
12539,Arian Smith,WR,NYJ,24,133,,,
4111,D'Onta Foreman,RB,,28,132,,,
7496,Nick Westbrook-Ikhine,WR,IND,29,132,,,
12269,Brandon Codrington,DB,HOU,25,132,,,
12590,Alfred Collins,DL,SF,24,132,,,
12671,Elijah Roberts,DL,TB,24,132,,,
12900,Danny Striggow,DL,JAX,23,132,,,
3225,Tyler Boyd,WR,,30,131,,,
6011,Gardner Minshew,QB,ARI,30,131,181,145,-10
8271,Derion Kendrick,DB,DAL,25,131,,,
10993,Tre Hawkins,DB,WAS,25,131,,,
11798,Zion Logue,DL,BUF,23,131,,,
12649,C.J. West,DL,SF,23,131,,,
11923,Evan Anderson,DL,SF,24,130,,,
7587,Dyami Brown,WR,WAS,26,129,13,10,1190
12610,Princely Umanmielen,DL,CAR,24,128,,,
4040,JuJu Smith-Schuster,WR,NYG,29,127,25,20,535
4574,Cooper Rush,QB,,32,127,,,
5842,Clelin Ferrell,DL,,28,126,,,
10908,BJ Ojulari,DL,ARI,24,126,,,
11617,Malachi Corley,WR,CLE,24,126,22,18,600
5348,Kyzir White,LB,,29,125,,,
12650,Danny Stutsman,LB,NO,23,124,,,
6809,Trevon Diggs,DB,,27,123,,,
8160,Kenny Pickett,QB,CAR,27,123,,,
12542,Efton Chism,WR,NE,24,123,47,38,224
7231,LaCale London,DL,ATL,28,122,,,
8162,Sam Howell,QB,DAL,25,122,35,28,336
8177,Grant Calcaterra,TE,PHI,27,122,,,
11736,Jordan Jefferson,DL,CIN,24,122,,,
12031,Leonard Taylor,DL,NE,24,122,,,
12615,Omarr Norman-Lott,DL,KC,24,122,,,
11582,Carson Steele,RB,PHI,23,121,,,
8145,Jeremy Ruckert,TE,NYJ,25,120,,,
3222,Deion Jones,LB,,31,119,,,
5248,Gus Edwards,RB,,29,119,,,
6960,Tyler Johnson,WR,DAL,27,118,,,
10939,Jay Ward,DB,MIN,25,118,,,
7989,DJ Turner,WR,,28,117,,,
11701,Junior Colson,LB,LAC,23,117,,,
6847,Devin Duvernay,WR,ARI,28,116,,,
8208,Tyler Badie,RB,DEN,26,116,6,5,2220
5882,Taylor Rapp,DB,,28,115,,,
6136,Jarrett Stidham,QB,DEN,29,115,,,
12665,Yahya Black,DL,PIT,24,115,,,
6811,Kenneth Murray,LB,,27,114,,,
11034,Jalen Brooks,WR,ARI,26,114,,,
8540,Sam Okuayinonu,DL,SF,28,113,,,
8253,Deven Thompkins,WR,,26,112,,,
11439,Jaleel McLaughlin,RB,DEN,25,112,25,20,460
11629,Devontez Walker,WR,BAL,24,112,18,14,700
11706,DeWayne Carter,DL,BUF,25,112,,,
12630,Nick Martin,LB,SF,23,112,,,
10952,Colby Wooden,DL,IND,25,111,,,
5934,Charles Omenihu,DL,WAS,28,110,,,
11994,Kameron Johnson,WR,TB,24,110,40,32,244
12620,Jamaree Caldwell,DL,LAC,25,109,,,
2152,Teddy Bridgewater,QB,DET,33,108,,,
7562,Tutu Atwell,WR,MIA,26,107,32,26,312
10984,Noah Sewell,LB,CHI,24,107,,,
11619,Ja'Lynn Polk,WR,NO,24,107,126,101,6
11808,Jha'Quan Jackson,WR,HOU,26,107,,,
4992,Dante Pettis,WR,,30,106,,,
8800,Malik Davis,RB,DAL,27,106,61,49,116
10862,Dorian Thompson-Robinson,QB,,25,106,,,
10925,Byron Young,DL,PHI,25,106,,,
260,Josh Johnson,QB,CIN,40,105,,,
11799,Tyler Davis,DL,LAR,25,105,,,
5955,Hunter Renfrow,WR,,30,104,,,
12523,Jimmy Horn,WR,CAR,23,104,72,58,79
7559,Ihmir Smith-Marsette,WR,ARI,26,103,,,
8527,Dareke Young,WR,LV,26,103,,,
6938,Cam Akers,RB,,26,102,,,
6958,Mike Danna,DL,BUF,28,102,,,
7713,Jaelon Darden,WR,,26,102,,,
7630,Greg Newsome,DB,NYG,26,101,,,
11616,Jacob Cowing,WR,SF,25,101,,,
7722,Bobby Brown,DL,CAR,25,100,,,
12668,Marques Sigle,DB,SF,23,100,,,
13079,Jahdae Walker,WR,CHI,23,100,89,71,41
4198,Jamal Agnew,WR,,30,99,,,
5015,Sam Hubbard,DL,,29,99,,,
7693,Chauncey Golston,DL,NYG,28,99,,,
10903,Quan Martin,DB,WAS,26,99,,,
10929,Drew Sanders,LB,DEN,24,99,,,
11421,Ryan Miller,WR,NYG,26,99,,,
12673,Dante Trader,DB,MIA,23,99,,,
1348,Dustin Hopkins,K,,34,98,,,
7039,Cody White,WR,SEA,27,98,,,
7634,Jamin Davis,LB,,27,98,,,
8331,Otito Ogbonnia,DL,DAL,25,98,,,
11233,Ty Okada,DB,SEA,26,98,,,
8139,Zamir White,RB,,26,97,,,
8857,Kader Kohou,DB,KC,27,97,,,
11759,Javon Solomon,DL,BUF,25,97,,,
11807,Darius Muasau,LB,NYG,25,97,,,
7818,T.J. Slaton,DL,CIN,28,96,,,
8322,Jesse Luketa,LB,NE,27,96,,,
10212,Josh Whyle,TE,GB,26,96,,,
10958,Dylan Horton,DL,HOU,25,96,,,
10962,Kelee Ringo,DB,PHI,23,96,,,
4951,DJ Chark,WR,,28,95,,,
8129,Dameon Pierce,RB,PHI,26,95,,,
8255,Raheem Blackshear,RB,,27,95,,,
8347,Eyioma Uwazurike,DL,DEN,28,95,,,
3164,Ezekiel Elliott,RB,,29,94,,,
7727,Cameron Sample,DL,SF,26,94,,,
8303,Roger McCreary,DB,DET,26,94,,,
8363,Jack Sanborn,LB,CHI,25,94,,,
11433,Nate Adkins,TE,DEN,26,94,,,
11847,James Williams,DB,TEN,23,94,,,
4219,Jeremy McNichols,RB,WAS,30,93,20,16,481
5096,Ray-Ray McCloud,WR,,29,93,,,
7610,Trey Lance,QB,LAC,26,93,102,82,13
10947,Ventrell Miller,LB,JAX,27,93,,,
6588,Tom Kennedy,WR,DET,29,92,,,
7535,Hunter Long,TE,JAX,27,92,,,
11009,Karl Brooks,DL,GB,26,92,,,
3357,Brandon Allen,QB,NYG,33,91,,,
5185,Allen Lazard,WR,,30,91,,,
11319,Truman Jones,DL,TEN,26,91,,,
7653,Azeez Ojulari,LB,ATL,25,90,,,
8383,Cameron Thomas,DL,ATL,26,90,,,
11015,Dante Stills,DL,ARI,26,90,,,
13150,Darius Cooper,WR,PHI,24,90,,,
4080,Zay Jones,WR,,30,89,,,
6817,Noah Igbinoghene,DB,SEA,26,89,,,
7823,Nate Hobbs,DB,SF,26,88,,,
7970,Ar'Darius Washington,DB,NYG,26,88,,,
11350,Mohamoud Diabate,LB,TEN,25,88,,,
10926,Marte Mapu,DB,HOU,26,87,,,
11769,Caelen Carson,DB,DAL,24,87,,,
10235,Roschon Johnson,RB,CHI,25,86,,,
10988,Cameron Mitchell,DB,IND,24,86,,,
12412,Terrell Jennings,RB,NE,25,86,,,
4129,Jourdan Lewis,DB,JAX,30,85,,,
4979,Jaire Alexander,DB,,28,85,,,
11343,Starling Thomas,DB,ARI,26,85,,,
10972,Terell Smith,DB,CHI,26,84,,,
11816,Javontae Jean-Baptiste,DL,WAS,26,84,,,
10906,JuJu Brents,DB,MIA,26,83,,,
6798,Jalen Reagor,WR,MIA,27,82,,,
8181,Connor Heyward,TE,LV,27,82,,,
7685,Brandon Stephens,DB,NYJ,28,81,,,
8327,Amare Barno,DL,,26,81,,,
11042,Carrington Valentine,DB,GB,24,81,,,
2325,Nelson Agholor,WR,,31,80,,,
11512,Tyrus Wheat,DL,DAL,26,80,,,
11836,Myles Harden,DB,CLE,24,80,,,
4174,Deatrich Wise,DL,WAS,31,79,,,
5036,Justin Reid,DB,NO,29,77,,,
5880,Parris Campbell,WR,,28,77,,,
8635,Chandler Wooten,LB,,25,77,,,
10941,Tyler Lacy,DL,DET,26,77,,,
11765,Kris Abrams-Draine,DB,DEN,24,77,,,
11893,Isaiah Stalbird,LB,NO,25,77,,,
13156,Keondre Jackson,DB,BAL,24,77,,,
2410,Jamison Crowder,WR,,31,76,,,
4149,Jamaal Williams,RB,,29,76,,,
5020,B.J. Hill,DL,CIN,31,76,,,
11755,Qwan'tez Stiggers,DB,NYJ,24,76,,,
12730,Micah Robinson,DB,TEN,24,75,,,
9220,Evan Hull,RB,HOU,25,74,,,
13107,Johnathan Edwards,DB,IND,24,74,,,
5086,Marquez Valdes-Scantling,WR,DAL,31,73,,,
6948,Leki Fotu,DL,NYG,27,73,,,
11378,Jordan Mims,RB,SF,26,73,,,
12491,Corey Kiner,RB,ARI,24,73,,,
8219,Jelani Woods,TE,NYJ,27,72,,,
8391,Dominique Robinson,DL,HOU,27,72,,,
12718,Konata Mumpfield,WR,LAR,23,72,49,39,85
4065,Derek Barnett,DL,,29,71,,,
6963,Patrick Taylor,RB,SF,28,71,,,
7720,Kene Nwangwu,RB,NYJ,28,71,,,
8123,Hassan Haskins,RB,,26,71,,,
8309,Damone Clark,LB,DET,25,71,,,
1264,Justin Tucker,K,,35,70,,,
6402,Steven Sims,WR,,28,70,,,
6931,DeeJay Dallas,RB,JAX,27,70,,,
8413,Chris Oladokun,QB,KC,28,70,,,
10991,KJ Henry,DL,PIT,27,70,,,
8076,Michael Bandy,WR,DEN,28,69,,,
8375,Kalia Davis,DL,CLE,27,69,,,
12048,George Holani,RB,SEA,26,69,71,57,21
12712,Marcus Harris,DB,TEN,25,69,,,
7608,Khalil Herbert,RB,,27,67,,,
7538,Zach Wilson,QB,NO,26,66,56,45,47
11000,Zaire Barnes,LB,NYG,26,66,,,
12147,Storm Duck,DB,MIA,25,66,,,
12496,Tai Felton,WR,MIN,23,66,46,37,78
8296,Kaiir Elam,DB,KC,25,65,,,
6154,David Sills,WR,TB,30,64,,,
9230,Tanner McKee,QB,PHI,26,64,62,50,28
5366,Tim Settle,DL,WAS,28,63,,,
3269,Chris Moore,WR,,32,62,,,
4086,DeMarcus Walker,DL,,31,62,,,
5010,Will Dissly,TE,,29,62,,,
6060,Sean Murphy-Bunting,DB,ARI,28,62,,,
6792,Javon Kinlaw,DL,WAS,28,62,,,
8207,Tyler Goodson,RB,ATL,25,62,,,
11014,Kei'Trel Clark,DB,ARI,25,62,,,
12083,Winston Reid,LB,CLE,26,62,,,
13172,Keyon Martin,DB,BAL,25,62,,,
3218,A'Shawn Robinson,DL,TB,31,61,,,
4148,Carl Lawson,DL,,30,61,,,
5375,Jordan Whitehead,DB,,27,61,,,
6216,Ugo Amadi,DB,,28,61,,,
11157,Brycen Tremayne,WR,CAR,26,61,,,
11427,Christian Izien,DB,DET,25,61,,,
11615,Ainias Smith,WR,CAR,25,61,,,
5351,Da'Shawn Hand,DL,ATL,30,60,,,
6880,Logan Wilson,LB,,29,60,,,
8195,Ronnie Rivers,RB,LAR,27,60,,,
8230,Ty Chandler,RB,NO,28,60,,,
11338,Cory Durden,DL,NE,27,60,,,
5409,Tanner Hudson,TE,CIN,31,59,,,
6144,Trayveon Williams,RB,,28,59,,,
6858,James Lynch,DL,CHI,27,59,,,
7125,Khalil Davis,DL,,28,59,,,
7283,Chris Williams,DL,ATL,27,59,,,
7799,Roy Lopez,DL,ARI,28,59,,,
7809,Avery Williams,RB,,27,59,,,
8295,Zach Carter,DL,ARI,27,59,,,
8397,Juanyeh Thomas,DB,IND,25,59,,,
9505,Deuce Vaughn,RB,,24,59,,,
10918,Mekhi Blackmon,DB,IND,27,59,,,
11770,JD Bertrand,LB,ATL,26,59,,,
4351,Tim Patrick,WR,NYJ,32,58,,,
5121,Braxton Berrios,WR,NYG,30,58,,,
7661,Levi Onwuzurike,DL,DET,28,58,,,
8316,Micheal Clemons,DL,IND,28,58,,,
11764,Josh Newton,DB,CIN,25,58,,,
12132,Josh Wallace,DB,LAR,25,58,,,
12717,Trikweze Bridges,DB,DAL,25,58,,,
11605,Jaheim Bell,TE,PIT,24,57,,,
12115,Dell Pettus,DB,NE,25,57,,,
5032,Jordan Akins,TE,,33,56,,,
5695,Brandon Powell,WR,,29,56,,,
7721,Chris Rumph,LB,NO,27,56,,,
7776,Israel Mukuamu,DB,,25,56,,,
7849,Charles Snowden,LB,,28,56,,,
8860,Tony Adams,DB,TEN,27,56,,,
6848,Anfernee Jennings,LB,NO,28,55,,,
7595,Tylan Wallace,WR,CLE,27,55,,,
7716,John Bates,TE,WAS,28,55,,,
11257,Shedrick Jackson,WR,LV,26,55,,,
12234,Shemar Bartholomew,DB,GB,25,55,,,
11027,Alex Austin,DB,MIA,25,54,,,
5051,Donte Jackson,DB,LAC,30,53,,,
10215,Jake Haener,QB,,27,53,,,
5158,Dennis Gardeck,LB,JAX,31,52,,,
6812,Yetur Gross-Matos,DL,,28,52,,,
8414,Britain Covey,WR,PHI,29,52,,,
11336,Eku Leota,LB,ARI,27,52,,,
11897,Jermaine Jackson,WR,,24,52,,,
2330,Shaq Thompson,LB,,31,51,,,
3256,Javon Hargrave,DL,GB,33,51,,,
5493,Charvarius Ward,DB,IND,30,51,,,
6234,Deonte Harty,WR,,27,51,,,
8367,D'Marco Jackson,LB,CHI,27,51,,,
8423,Brittain Brown,RB,CHI,28,51,,,
8850,Ben Stille,DL,,28,51,,,
6825,Neville Gallimore,DL,CHI,29,50,,,
6920,Isaiah Hodgins,WR,NYG,27,50,18,14,257
7438,Kristian Wilkerson,WR,,29,50,,,
7443,Teair Tart,DL,LAC,29,50,,,
11963,Chris Collier,RB,LV,26,50,,,
3238,Yannick Ngakoue,DL,,29,49,,,
5226,Poona Ford,DL,LAR,30,49,,,
5928,David Long,LB,,28,49,,,
7565,Terrace Marshall,WR,MIA,25,49,,,
7655,Asante Samuel,DB,PIT,26,49,,,
8223,Velus Jones,WR,SEA,29,49,,,
8492,Sam Roberts,DL,NYG,28,49,,,
8736,Elijah Garcia,DL,ATL,28,49,,,
11210,Malik Heath,WR,ATL,25,49,,,
11599,Cade Stover,TE,HOU,25,49,17,14,250
11633,Jamari Thrash,WR,CLE,25,49,,,
3188,Sheldon Rankins,DL,HOU,32,48,,,
6941,Troy Dye,LB,LAC,29,48,,,
8202,Michael Woods,WR,DEN,26,48,,,
8618,Marcelino McCrary-Ball,LB,NYJ,27,48,,,
4059,Marshon Lattimore,DB,,29,47,,,
4415,Adam Butler,DL,LV,32,47,,,
5043,Nathan Shepherd,DL,NO,32,47,,,
5371,Kentavius Street,DL,CHI,30,47,,,
7268,Krys Barnes,LB,,27,47,,,
7419,James Pierre,DB,MIN,29,47,,,
7796,Brandin Echols,DB,PIT,28,47,,,
8809,Aaron Shampklin,RB,,25,47,,,
12787,Josh Williams,RB,TB,24,47,,,
13101,Gage Larvadain,WR,CLE,24,47,,,
5860,Johnathan Abram,DB,,27,46,,,
5985,Foster Moreau,TE,HOU,29,46,,,
6829,Kristian Fulton,DB,KC,27,46,,,
6841,Jordan Elliott,DL,TEN,28,46,,,
7816,Jason Pinnock,DB,NYG,26,46,,,
8206,Skylar Thompson,QB,BAL,28,46,,,
8869,J.J. Russell,LB,,27,46,,,
11348,Trevor Nowaske,LB,DET,27,46,,,
11535,Josh Butler,DB,DAL,29,46,,,
3743,Morgan Fox,DL,,31,45,,,
4089,Gerald Everett,TE,,30,45,,,
4278,D.J. Jones,DL,DEN,31,45,,,
6791,C.J. Henderson,DB,ATL,27,45,,,
6996,JaMycal Hasty,RB,,29,45,,,
9497,Jalin Hyatt,WR,NYG,24,45,,,
4075,Charles Harris,LB,,29,44,,,
5073,Sebastian Joseph-Day,DL,PIT,31,44,,,
5075,Ogbo Okoronkwo,LB,,30,44,,,
6999,Benito Jones,DL,LV,28,44,,,
7606,Kadarius Toney,WR,,25,44,,,
7853,Naquan Jones,DL,HOU,28,44,,,
8001,Malik Herring,DL,TEN,28,44,,,
10985,Jordan Howden,DB,NO,26,44,,,
11019,Erick Hallett,DB,TEN,26,44,,,
11474,Dylan Drummond,WR,ATL,26,44,,,
11806,Casey Washington,WR,ATL,25,44,,,
2993,Rakeem Nunez-Roches,DL,TB,32,43,,,
3252,Kendall Fuller,DB,,30,43,,,
3276,De'Vondre Campbell,LB,,31,43,,,
4203,Anthony Walker,LB,,30,43,,,
5056,Jerome Baker,LB,,29,43,,,
5374,Justin Watson,WR,HOU,30,43,,,
6179,Jahlani Tavai,LB,,29,43,,,
6864,Khalid Kareem,DL,NYG,28,43,,,
7625,Joe Tryon-Shoyinka,LB,PHI,27,43,,,
8328,Nephi Sewell,LB,CHI,27,43,,,
8691,Vi Jones,LB,,27,43,,,
4973,Hayden Hurst,TE,,31,42,,,
5057,Tyquan Lewis,DL,,31,42,,,
6598,Trenton Irwin,WR,,30,42,,,
7023,Willie Gay,LB,MIA,28,42,,,
7222,Myles Adams,DL,DET,28,42,,,
7682,Elijah Molden,DB,LAC,27,42,,,
8334,Malcolm Rodriguez,LB,DET,27,42,,,
8756,Brandon Johnson,WR,PIT,27,42,,,
11230,Patrick O'Connell,LB,SEA,27,42,,,
11921,Xavier Weaver,WR,ARI,25,42,,,
2389,Jordan Hicks,LB,,33,41,,,
2750,DeAndre Carter,WR,,32,41,,,
5002,Maurice Hurst,DL,,30,41,,,
7746,Austin Trammell,WR,JAX,27,41,,,
8276,Jalyn Armour-Davis,DB,,26,41,,,
11454,Otis Reese,LB,NE,27,41,,,
1352,Robert Woods,WR,,33,40,,,
3220,Jarran Reed,DL,SEA,33,40,,,
4078,Adoree' Jackson,DB,,30,40,,,
5347,Nyheim Miller-Hines,RB,,29,40,,,
8478,Samuel Womack,DB,NYJ,26,40,,,
9490,Tyler Scott,WR,LAR,24,40,,,
12957,Corey Thornton,DB,CAR,26,40,,,
3681,Michael Pierce,DL,,32,39,,,
6855,Ashtyn Davis,DB,SF,29,39,,,
7030,Casey Toohill,DL,,29,39,,,
7233,Andre Baccellia,WR,,29,39,,,
8496,Theo Jackson,DB,MIN,27,39,,,
10919,Sydney Brown,DB,ATL,26,39,,,
1266,Greg Zuerlein,K,,37,38,,,
4240,Jeremiah Ledbetter,DL,,31,38,,,
7671,Benjamin St-Juste,DB,GB,28,38,,,
4090,Raekwon McMillan,LB,,28,37,,,
4238,Xavier Woods,DB,,30,37,,,
4854,River Cracraft,WR,,31,37,,,
5000,Chase Edmonds,RB,,29,37,,,
5021,Lorenzo Carter,LB,,29,37,,,
6001,Drew Sample,TE,CIN,30,37,,,
6290,Scotty Miller,WR,CHI,28,37,,,
7344,Jonah Williams,DL,ARI,30,37,,,
11160,Nick Whiteside,DB,DET,26,37,,,
3304,Quinton Jefferson,DL,,32,36,,,
5113,Cedrick Wilson,WR,DET,30,36,,,
6610,Demetrius Flannigan-Fowles,LB,BUF,29,36,,,
7602,Kylen Granson,TE,TEN,28,36,,,
3433,Alex Erickson,WR,,32,35,,,
7045,Joshua Kelley,RB,,27,35,,,
10978,Darrell Luter,DB,SF,26,35,,,
11481,Natrone Brooks,DB,ATL,26,35,,,
12050,Dee Williams,DB,,26,35,,,
5025,Ronnie Harrison,DB,MIA,29,34,,,
5090,Folorunso Fatukasi,DL,,31,34,,,
6851,Julian Okwara,LB,CLE,28,34,,,
8849,Tanner Conner,TE,NYG,28,34,,,
3207,Andrew Billings,DL,ARI,31,33,,,
5920,Will Harris,DB,WAS,30,33,,,
6177,Khalen Saunders,DL,,29,33,,,
6972,DaVon Hamilton,DL,JAX,29,33,,,
7628,Eric Stokes,DB,LV,27,33,,,
12699,LaJohntay Wester,WR,BAL,24,33,,,
12897,Nathan Carter,RB,ATL,24,33,,,
3197,Emmanuel Ogbah,DL,,32,32,,,
3281,David Onyemata,DL,NYJ,33,32,,,
4113,Dawuane Smoot,DL,,31,32,,,
7593,Trey Sermon,RB,,26,32,,,
8666,Darrell Baker,DB,MIA,28,32,,,
10225,Jonathan Mingo,WR,DAL,25,32,,,
1932,DaQuan Jones,DL,,34,31,,,
1992,Allen Robinson,WR,,31,31,,,
3262,Justin Simmons,DB,,31,31,,,
4274,David Moore,WR,CAR,31,31,,,
6867,Malik Harrison,LB,PIT,28,31,,,
6957,James Proche,WR,,29,31,,,
7536,Quintin Morris,TE,JAX,27,31,,,
8227,Teagan Quitoriano,TE,ARI,26,31,,,
8489,Drew Ogletree,TE,IND,27,31,,,
11729,Sione Vaki,RB,DET,24,31,,,
3423,Robbie Chosen,WR,,32,30,,,
4058,Solomon Thomas,DL,TEN,30,30,,,
4140,Shaquill Griffin,DB,,30,30,,,
4995,Ian Thomas,TE,LV,29,30,,,
5613,Bruce Hector,DL,,31,30,,,
5888,Amani Oruwariye,DB,BAL,30,30,,,
5981,Greg Gaines,DL,,29,30,,,
8197,Peyton Hendershot,TE,,25,30,,,
8416,Jalen Virgil,WR,BUF,27,30,,,
8506,Nazeeh Johnson,DB,,27,30,,,
8749,Tyreik McAllister,RB,,27,30,,,
10221,Ronnie Bell,WR,NO,26,30,,,
2429,Kwon Alexander,LB,,30,29,,,
4054,Mo Alie-Cox,TE,IND,32,29,,,
7436,Mason Kinsey,WR,TEN,27,29,,,
3230,Vonn Bell,DB,,30,28,,,
3526,Roy Robertson-Harris,DL,NYG,32,28,,,
4092,Dalvin Tomlinson,DL,LAC,32,28,,,
4106,Larry Ogunjobi,DL,,31,28,,,
7662,Richie Grant,DB,,28,28,,,
8399,Markquese Bell,DB,DAL,27,28,,,
10867,Jake Bobo,WR,SEA,27,28,,,
11959,Bryce Oliver,WR,TEN,26,28,,,
12171,British Brooks,RB,HOU,26,28,,,
2340,Mario Edwards,DL,,32,27,,,
3246,Daryl Worley,DB,,30,27,,,
4114,Tanoh Kpassagnon,DL,,31,27,,,
4314,Johnny Mundt,TE,PHI,31,27,,,
6129,Jerry Tillery,DL,IND,29,27,,,
6314,Cam Lewis,DB,CHI,29,27,,,
7756,Khyiris Tonga,DL,KC,29,27,,,
8583,Stone Smartt,TE,PHI,27,27,,,
8844,Sam Webb,DB,,27,27,,,
11636,Johnny Wilson,WR,PHI,25,27,,,
11820,Devin Culp,TE,TB,26,27,,,
2355,Ronald Darby,DB,,31,26,,,
3258,Nick Vannett,TE,,33,26,,,
4072,Tre'Davious White,DB,,31,26,,,
4132,Montravius Adams,DL,,29,26,,,
5044,Isaiah Oliver,DB,,29,26,,,
6467,Jonathan Harris,DL,,29,26,,,
8250,Tay Martin,WR,,27,26,,,
10220,Will Mallory,TE,IND,26,26,,,
2446,MyCole Pruitt,TE,,32,25,,,
3241,Jonathan Bullard,DL,DAL,32,25,,,
4074,Malik Hooker,DB,DAL,30,25,,,
5222,Jalen Davis,DB,CIN,30,25,,,
5361,Avonte Maddox,DB,DET,30,25,,,
5773,KhaDarel Hodge,WR,,31,25,,,
6973,J.J. Taylor,RB,,27,25,,,
8500,John FitzPatrick,TE,,25,25,,,
2033,Shelby Harris,DL,NYG,34,24,,,
3268,Eric Murray,DB,JAX,32,24,,,
4319,Zach Pascal,WR,,30,24,,,
5218,Demone Harris,DL,,29,24,,,
5980,Myles Gaskin,RB,,28,24,,,
6210,Darnell Savage,DB,PIT,28,24,,,
6969,Dane Jackson,DB,,29,24,,,
1492,Johnathan Hankins,DL,,33,23,,,
2353,Denzel Perryman,LB,LAC,33,23,,,
3363,Kamu Grugier-Hill,LB,,30,23,,,
5154,Trent Sherfield,WR,BUF,30,23,,,
6128,Rock Ya-Sin,DB,DET,30,23,,,
6386,Alex Bachman,WR,,29,23,,,
6887,Larrell Murchison,DL,LAR,29,23,,,
6928,Kindle Vildor,DB,NE,28,23,,,
6946,Myles Bryant,DB,CLE,28,23,,,
7012,Mykal Walker,LB,NYJ,28,23,,,
7120,Trevis Gipson,LB,CAR,28,23,,,
7357,Dan Chisena,WR,CAR,29,23,,,
7835,Michael Carter,DB,PHI,27,23,,,
8249,Lucas Krull,TE,DEN,27,23,,,
10223,Eric Gray,RB,NYG,26,23,,,
11821,Tahj Washington,WR,MIA,25,23,,,
1875,C.J. Mosley,LB,,32,22,,,
3322,DJ Reader,DL,NYG,31,22,,,
3546,Mike Hilton,DB,,32,22,,,
4107,Chidobe Awuzie,DB,BAL,31,22,,,
4207,Davon Godchaux,DL,NO,31,22,,,
6145,Juan Thornhill,DB,,30,22,,,
6910,Darrell Taylor,DL,,28,22,,,
7122,Broderick Washington,DL,BAL,29,22,,,
7710,Janarius Robinson,DL,,27,22,,,
7946,Jack Stoll,TE,CLE,28,22,,,
8287,David Ojabo,DL,MIA,26,22,,,
8833,Dallis Flowers,DB,CHI,28,22,,,
8898,C.J. Brewer,DL,,28,22,,,
11722,Adisa Isaac,DL,BAL,24,22,,,
2427,Za'Darius Smith,LB,,33,21,,,
3560,Austin Johnson,DL,,31,21,,,
4435,Anthony Firkser,TE,WAS,31,21,,,
6785,Jeff Okudah,DB,,27,21,,,
7050,Josiah Deguara,TE,,29,21,,,
7812,Simi Fehoko,WR,ARI,28,21,,,
8306,John Ridgeway,DL,NO,27,21,,,
8372,DeAngelo Malone,DL,ATL,26,21,,,
8714,Josh Blackwell,DB,CHI,27,21,,,
8839,Luke Masterson,LB,,27,21,,,
11757,Edefuan Ulofoshio,LB,CLE,26,21,,,
12030,Braiden McGregor,DL,NYJ,24,21,,,
12374,Brenden Bates,TE,CLE,26,21,,,
12634,Jordan Watkins,WR,SF,24,21,,,
2827,DeShawn Williams,DL,,32,20,,,
4077,Jamal Adams,DB,,30,20,,,
4138,Cameron Sutton,DB,,30,20,,,
4224,Chuck Clark,DB,DET,31,20,,,
5328,Tremon Smith,DB,HOU,29,20,,,
5508,Chris Lammons,DB,,30,20,,,
5861,L.J. Collier,DL,ARI,30,20,,,
6105,Joe Giles-Harris,LB,CIN,29,20,,,
6419,P.J. Locke,DB,DAL,29,20,,,
6659,Craig Reynolds,RB,,29,20,,,
6947,K'Von Wallace,DB,BAL,28,20,,,
7844,Sam Kamara,LB,CLE,28,20,,,
7974,Nick McCloud,DB,,27,20,,,
8020,Curtis Robinson,LB,DAL,28,20,,,
8351,Drake Jackson,DL,WAS,25,20,,,
9499,Bryce Ford-Wheaton,WR,,26,20,,,
11003,Amari Burney,LB,,25,20,,,
11004,Titus Leo,LB,,26,20,,,
11304,E.J. Jenkins,TE,PHI,27,20,,,
11311,Jason Brownlee,WR,KC,27,20,,,
11384,Owen Wright,RB,,27,20,,,
12357,David Martin-Robinson,TE,TEN,26,20,,,
12666,Kiko Mauigoa,LB,NYJ,23,20,,,
12765,Keleki Latu,TE,BUF,23,20,,,
3295,Dean Lowry,DL,PIT,31,19,,,
4084,Tyus Bowser,LB,,29,19,,,
4975,Taven Bryan,DL,,29,19,,,
5031,Oren Burks,LB,CIN,31,19,,,
5333,Jalyn Holmes,DL,,30,19,,,
5959,Mike Edwards,DB,,29,19,,,
6348,Del'Shawn Phillips,LB,LAC,29,19,,,
7451,Cam Gill,LB,,27,19,,,
7813,Shemar Jean-Charles,DB,SEA,27,19,,,
8041,Shane Zylstra,TE,BUF,29,19,,,
8342,Esezi Otomewo,DL,PIT,27,19,,,
8914,Jeremiah Pharms,DL,NE,29,19,,,
11811,Logan Lee,DL,PIT,25,19,,,
12704,Warren Brinson,DL,GB,24,19,,,
2357,Jordan Phillips,DL,,33,18,,,
4091,Marcus Williams,DB,,29,18,,,
4101,Chris Wormley,DL,,32,18,,,
4189,Eric Saubert,TE,SEA,32,18,,,
5055,M.J. Stewart,DB,HOU,30,18,,,
5615,Matt Dickerson,DL,JAX,30,18,,,
6012,Travis Homer,RB,PIT,27,18,,,
6186,Armon Watts,DL,,28,18,,,
6627,Shy Tuttle,DL,WAS,30,18,,,
6665,Jody Fortson,TE,,29,18,,,
6694,D'Ernest Johnson,RB,,29,18,,,
7815,K.J. Britt,LB,NE,26,18,,,
8170,James Mitchell,TE,CAR,26,18,,,
8262,DJ Davidson,DL,WAS,28,18,,,
8547,Kurt Hinish,DL,,26,18,,,
9998,Hendon Hooker,QB,TEN,28,18,,,
11305,Claudin Cherelus,LB,CAR,27,18,,,
11436,PJ Mustipher,DL,ARI,26,18,,,
12587,Joshua Farmer,DL,NE,23,18,,,
12608,Tyler Batty,DL,MIN,27,18,,,
12689,JJ Pegues,DL,LV,24,18,,,
2344,Eddie Goldman,DL,,32,17,,,
4056,Jabrill Peppers,DB,,30,17,,,
4069,Takk McKinley,DL,,29,17,,,
4124,Ahkello Witherspoon,DB,WAS,31,17,,,
4216,Desmond King,DB,,30,17,,,
5284,Jeff Wilson,RB,,30,17,,,
5368,Greg Stroman,DB,,29,17,,,
5727,Nick Thurman,DL,,29,17,,,
5753,Chris Board,LB,,30,17,,,
6005,Kevin Givens,DL,,29,17,,,
6254,Kemon Hall,DB,TB,29,17,,,
7325,Joe Gaziano,DL,,28,17,,,
7770,Patrick Johnson,LB,,28,17,,,
7840,Ta'Quon Graham,DL,PHI,27,17,,,
11108,Anfernee Orji,LB,,25,17,,,
11240,C.J. Okoye,DL,BAL,24,17,,,
11391,Ethan Bonner,DB,MIA,26,17,,,
11506,Jalen Cropper,WR,,24,17,,,
11730,T.J. Tampa,DB,BAL,24,17,,,
12603,Cobee Bryant,DB,ATL,24,17,,,
12616,Shemar Turner,DL,CHI,23,17,,,
3189,Eli Apple,DB,SF,30,16,,,
4158,Eddie Jackson,DB,,31,16,,,
6284,Marcus Epps,DB,PHI,30,16,,,
6353,Troy Reeder,LB,,31,16,,,
6831,Raekwon Davis,DL,,27,16,,,
7788,Victor Dimukeje,LB,,26,16,,,
7810,Ade Ogundeji,LB,,26,16,,,
8004,Devon Key,DB,DEN,28,16,,,
8517,Rodney Thomas,LB,SEA,27,16,,,
8620,Segun Olubi,LB,LV,26,16,,,
8901,Ja'Marcus Ingram,DB,HOU,28,16,,,
10963,Jakorian Bennett,DB,PHI,25,16,,,
10969,Owen Pappoe,LB,ARI,25,16,,,
11752,Jeremiah Trotter,LB,PHI,23,16,,,
11761,Tommy Eichenberg,LB,LV,25,16,,,
12397,Joe Andreessen,LB,BUF,26,16,,,
12819,Kevin Knowles,DB,KC,23,16,,,
12879,Chaz Chambliss,DL,MIN,23,16,,,
2027,Denico Autry,DL,,35,15,,,
2327,Bud Dupree,LB,LAC,33,15,,,
2343,Preston Smith,LB,,33,15,,,
3155,Laquon Treadwell,WR,IND,30,15,,,
3192,Artie Burns,DB,,30,15,,,
3415,Jonathan Jones,DB,PHI,32,15,,,
5008,Durham Smythe,TE,BAL,30,15,,,
5048,Isaac Yiadom,DB,NO,30,15,,,
6612,Luke Gifford,LB,SF,30,15,,,
6850,Harrison Bryant,TE,SEA,28,15,,,
6857,Collin Johnson,WR,,27,15,,,
6882,Darnay Holmes,DB,ATL,27,15,,,
6968,Jordan Fuller,DB,,27,15,,,
7036,Terrell Burgess,DB,NO,27,15,,,
7075,Charlie Woerner,TE,ATL,28,15,,,
7833,Isaiahh Loudermilk,DL,MIN,28,15,,,
7936,Amen Ogbongbemiga,LB,,27,15,,,
8013,Tim Jones,WR,JAX,28,15,,,
8481,Ja'Sir Taylor,DB,CIN,27,15,,,
8710,Jack Cochrane,LB,KC,27,15,,,
10210,Cameron Latu,TE,PHI,26,15,,,
10982,Mike Morris,DL,SEA,25,15,,,
10996,Ochaun Mathis,DL,,27,15,,,
11024,Grant DuBose,WR,,24,15,,,
11066,Austin Ajiake,LB,IND,25,15,,,
11645,Javon Baker,WR,,23,15,,,
12138,Anthony Goodlow,DL,PIT,25,15,,,
12710,Jaylen Reed,DB,HOU,23,15,,,
12948,Austin Keys,LB,ARI,24,15,,,
12956,Bam Martin-Scott,LB,CAR,25,15,,,
13000,Shaun Dolac,LB,LAR,24,15,,,
2381,Chris Conley,WR,,32,14,,,
3232,Adam Gotsis,DL,,33,14,,,
4602,Robert Tonyan,TE,,31,14,,,
5161,Ezekiel Turner,LB,,29,14,,,
5532,Daniel Ekuale,DL,,32,14,,,
6651,Anthony Pittman,LB,,28,14,,,
7087,Jonathan Ward,RB,,28,14,,,
7787,Damar Hamlin,DB,BUF,28,14,,,
8300,Andrew Booth,DB,,24,14,,,
8542,Tristin McCollum,DB,LV,27,14,,,
8578,Raheem Layne,DB,NYG,26,14,,,
8861,Irv Charles,WR,SEA,29,14,,,
8921,Maurice Alexander,WR,CHI,29,14,,,
11018,Christian Braswell,DB,JAX,26,14,,,
11036,Anthony Johnson,DB,CHI,26,14,,,
11201,Blake Whiteheart,TE,CLE,26,14,,,
11712,Ty'Ron Hopper,LB,GB,25,14,,,
12716,Korie Black,DB,NYG,23,14,,,
12736,Kitan Crawford,DB,ARI,24,14,,,
12855,Alijah Clark,DB,DAL,22,14,,,
12889,Beaux Collins,WR,NYG,23,14,,,
13019,Greedy Vance,DB,LV,24,14,,,
1689,Adam Thielen,WR,,35,13,27,22,-41
4974,Terrell Edmunds,DB,,29,13,,,
5883,Lonnie Johnson,DB,MIA,30,13,,,
6296,Quinton Bell,LB,,29,13,,,
6937,Khaleke Hudson,LB,,27,13,,,
7053,Daniel Thomas,DB,CLE,27,13,,,
8349,Jake Hansen,LB,HOU,27,13,,,
8370,Jordan Jackson,DL,DEN,28,13,,,
10227,Payne Durham,TE,TB,25,13,,,
10924,Zacch Pickens,DL,NYG,26,13,,,
10994,Scott Matlock,DL,LAC,25,13,,,
10999,Josh Hayes,DB,TB,27,13,,,
11032,DJ Ivey,DB,CIN,26,13,,,
11251,Shaka Heyward,LB,CIN,26,13,,,
11738,Decamerion Richardson,DB,LV,25,13,,,
11993,Tyrek Funderburk,DB,CAR,25,13,,,
12011,Demani Richardson,DB,CAR,25,13,,,
12385,Jude McAtamney,K,,25,13,,,
12655,Tyler Baron,DL,NYJ,24,13,,,
12696,Aeneas Peebles,DL,BAL,24,13,,,
12702,Rayuan Lane,DB,JAX,22,13,,,
12751,Howard Cross,DL,CIN,24,13,,,
12917,Branson Combs,LB,JAX,25,13,,,
13024,Jay Higgins,LB,BAL,24,13,,,
13104,Adin Huntington,DL,CLE,24,13,,,
13181,Payton Page,DL,NYJ,23,13,,,
3254,Nick Vigil,LB,,31,12,,,
3265,Sheldon Day,DL,,31,12,,,
3633,Kyle Peko,DL,,32,12,,,
4093,Marcus Maye,DB,,32,12,,,
4110,Zach Cunningham,LB,,31,12,,,
5302,Bilal Nichols,DL,,29,12,,,
5576,Ben Niemann,LB,,30,12,,,
5781,Malik Turner,WR,SF,30,12,,,
6781,Isaiah Simmons,DB,CAR,27,12,,,
7204,Reggie Gilliam,RB,NE,28,12,,,
7750,Grant Stuard,LB,LAR,27,12,,,
8273,Phidarian Mathis,DL,BUF,28,12,,,
8332,Matthew Butler,DL,MIA,26,12,,,
8394,Percy Butler,DB,WAS,26,12,,,
8795,D'Anthony Bell,DB,SEA,29,12,,,
11082,Ben Sims,TE,MIA,26,12,,,
11394,Mitchell Agude,LB,,26,12,,,
11395,Keidron Smith,DB,NYJ,26,12,,,
11716,Tip Reiman,TE,ARI,24,12,,,
11753,Nehemiah Pritchett,DB,SEA,25,12,,,
11790,Nathaniel Watson,LB,CLE,25,12,,,
12679,Jordan Phillips,DL,MIA,21,12,,,
12687,Dorian Strong,DB,BUF,24,12,,,
12764,Keonta Jenkins,LB,BUF,24,12,,,
1558,William Gholston,DL,,33,11,,,
1881,Brent Urban,DL,,34,11,,,
4180,Rayshawn Jenkins,DB,,32,11,,,
4241,Pat O'Connor,DL,,32,11,,,
5757,Josh Woods,LB,,29,11,,,
6283,Corey Ballentine,DB,DAL,30,11,,,
6294,Ty Summers,LB,,30,11,,,
6323,Andrew Beck,RB,NYJ,30,11,,,
7014,Joe Bachie,LB,DET,28,11,,,
7646,Boogie Basham,DL,,28,11,,,
7708,Marco Wilson,DB,MIA,27,11,,,
7731,Jay Tufele,DL,DET,26,11,,,
7807,Nick Niemann,LB,GB,28,11,,,
8274,LaBryan Ray,DL,CAR,28,11,,,
8299,Baylon Spector,LB,,27,11,,,
8386,Damarri Mathis,DB,,26,11,,,
8509,Elijah Hicks,DB,CHI,26,11,,,
8702,Jaylon Jones,DB,CHI,28,11,,,
8733,Jake Hummel,LB,HOU,27,11,,,
10217,Clayton Tune,QB,,27,11,,,
10966,Robert Beal,LB,MIA,26,11,,,
11002,Keondre Coburn,DL,,25,11,,,
11050,DeMarcco Hellams,DB,ATL,25,11,,,
11084,Andre Carter,LB,WAS,26,11,,,
11098,Caleb Murphy,DL,NYG,26,11,,,
11185,Kendell Brooks,DB,TEN,26,11,,,
11396,Brandon Pili,DL,SEA,27,11,,,
11429,Kaevon Merriweather,DB,HOU,26,11,,,
11432,Markees Watts,DL,,26,11,,,
11805,Jamal Hill,LB,HOU,25,11,,,
11942,Colson Yankoff,TE,WAS,26,11,,,
12516,Kalel Mullings,RB,TEN,23,11,,,
13037,Connor O'Toole,DL,SEA,23,11,,,
2545,Geoff Swaim,TE,,31,10,,,
3388,Jalen Mills,DB,,31,10,,,
4079,Kevin King,DB,,30,10,,,
4126,Fabian Moreau,DB,,31,10,,,
4443,Pharaoh Brown,TE,,31,10,,,
5424,Tony Brown,DB,,30,10,,,
5520,Jonathan Owens,DB,IND,30,10,,,
6476,D'Angelo Ross,DB,CLE,29,10,,,
6551,Darius Harris,LB,,30,10,,,
7531,Feleipe Franks,TE,CAR,28,10,,,
7632,Caleb Farley,DB,,26,10,,,
7804,Marlon Tuipulotu,DL,,26,10,,,
8307,Neil Farrell,DL,,26,10,,,
8371,Chad Muma,LB,NE,26,10,,,
8389,Akayleb Evans,DB,CAR,26,10,,,
8470,Joshua Williams,DB,TEN,26,10,,,
8854,Tomon Fox,LB,,27,10,,,
8885,Tucker Fisk,TE,,27,10,,,
10900,Cam Smith,DB,,24,10,,,
10938,D.J. Johnson,LB,WAS,27,10,,,
11280,Brady Russell,TE,SEA,27,10,,,
11717,Elijah Jones,DB,ARI,26,10,,,
11772,De'Antre Prince,DB,,24,10,,,
11929,Bo Richter,DL,MIN,25,10,,,
12057,Maema Njongmeta,LB,CAR,25,10,,,
12058,PJ Jules,DB,CIN,25,10,,,
12238,Eric Watts,DL,NYJ,25,10,,,
12626,Jaylin Smith,DB,HOU,22,10,,,
12651,Ty Robinson,DL,PHI,25,10,,,
12682,Cam Jackson,DL,CAR,23,10,,,
12783,Donovan McMillon,DB,CLE,23,10,,,
12877,Brandon Johnson,DB,PHI,23,10,,,
13174,Cooper McDonald,LB,KC,24,10,,,
2755,Eric Tomlinson,TE,,32,9,,,
4188,Damontae Kazee,DB,,32,9,,,
4371,Josh Tupou,DL,NYG,32,9,,,
4503,Arthur Maulet,DB,,32,9,,,
5035,Derrick Nnadi,DL,IND,30,9,,,
5209,Mike Boone,RB,,30,9,,,
5519,Tavierre Thomas,DB,MIN,30,9,,,
6211,Sione Takitaki,LB,,30,9,,,
6222,Ka'dar Hollman,DB,,30,9,,,
7200,Khalil Dorsey,DB,DET,28,9,,,
7521,Chris Blair,WR,ATL,28,9,,,
7704,Buddy Johnson,LB,,27,9,,,
7707,Tre Brown,DB,NYJ,28,9,,,
7730,Darren Hall,DB,ATL,26,9,,,
7801,Quinton Bohanna,DL,JAX,27,9,,,
8344,Jonathan Ford,DL,GB,27,9,,,
8377,Tycen Anderson,DB,DEN,26,9,,,
8473,Eric Johnson,DL,MIN,27,9,,,
8525,Mark Robinson,LB,,26,9,,,
8526,Cameron Goode,LB,MIA,28,9,,,
8799,Zaire Mitchell-Paden,TE,NO,26,9,,,
10877,Mazi Smith,DL,NYJ,24,9,,,
10992,Yasir Abdullah,LB,JAX,26,9,,,
11011,JL Skinner,DB,DEN,25,9,,,
11033,Isaiah Bolden,DB,,26,9,,,
11441,Thomas Incoom,LB,CAR,27,9,,,
11514,Isaiah Land,LB,DAL,26,9,,,
11713,McKinnley Jackson,DL,CIN,24,9,,,
11795,Jaden Crumedy,DL,GB,25,9,,,
11809,Marcellas Dial,DB,NE,25,9,,,
11844,Myles Cole,LB,NO,26,9,,,
11885,Ramel Keyton,WR,,24,9,,,
11899,Rico Payton,DB,NYG,26,9,,,
12319,Elijah Chatman,DL,CLE,25,9,,,
12628,Sai'vion Jones,DL,DEN,22,9,,,
12684,Kain Medrano,LB,WAS,25,9,,,
12919,Elijah Simmons,DL,TB,24,9,,,
13196,Elijah Williams,DL,MIN,23,9,,,
331,Philip Rivers,QB,,44,8,,,
4166,Carlos Watkins,DL,,32,8,,,
8283,Brian Asamoah,LB,,25,8,,,
8319,DeMarvin Leal,DL,,25,8,,,
8519,Deane Leonard,DB,LAC,26,8,,,
8520,Daniel Hardy,LB,CHI,27,8,,,
8569,Arron Mosby,LB,GB,27,8,,,
8683,Joey Blount,DB,ARI,27,8,,,
8726,Brenden Schooler,DB,NE,29,8,,,
11339,Brandon Joseph,DB,,23,8,,,
11440,Art Green,DB,NYG,26,8,,,
11934,Tyler Owens,DB,WAS,25,8,,,
12062,Cam Grandy,TE,CIN,26,8,,,
12672,Jeffrey Bassa,LB,KC,23,8,,,
12678,Mac McWilliams,DB,PHI,24,8,,,
12835,Marlowe Wax,LB,LAC,23,8,,,
12838,Nikko Reed,DB,LAC,23,8,,,
12888,Dalen Cambre,WR,NYG,25,8,,,
12923,Jordan Clark,DB,NYJ,25,8,,,
2143,Mike Pennel,DL,,34,7,,,
2796,Efe Obada,DL,,32,7,,,
4099,Duke Riley,LB,,31,7,,,
5345,Matthew Adams,LB,,29,7,,,
5691,Mike Ford,DB,ATL,30,7,,,
7824,Keith Taylor,DB,JAX,27,7,,,
8000,Zayne Anderson,DB,MIA,29,7,,,
8510,Russ Yeast,DB,CIN,27,7,,,
8532,Mike Brown,DB,NE,27,7,,,
8925,Tre Avery,DB,CLE,29,7,,,
10909,Isaiah Foskey,DL,CIN,25,7,,,
10997,Jerrick Reed,DB,TEN,25,7,,,
11025,Jalen Graham,DB,SF,25,7,,,
11035,Jordon Riley,DL,GB,28,7,,,
11041,Andre Jones,DL,BUF,27,7,,,
11467,John Samuel Shenker,TE,,26,7,,,
11606,Dallin Holker,TE,,25,7,,,
11751,Brennan Jackson,DL,LV,25,7,,,
12137,Charles Woods,DB,NE,25,7,,,
12920,Dean Clark,DB,NYJ,25,7,,,
12944,Dorian Mausi,LB,TEN,24,7,,,
13121,Ben Yurosek,TE,MIN,24,7,,,
1576,Tyrann Mathieu,DB,,33,6,,,
2677,Neville Hewitt,LB,,32,6,,,
5040,Tarvarius Moore,DB,,28,6,,,
5285,Ross Dwelley,TE,,30,6,,,
6140,Kendall Sheffield,DB,,29,6,,,
6885,Ke'Shawn Vaughn,RB,,28,6,,,
6997,Shaq Quarterman,LB,,27,6,,,
7673,Chazz Surratt,LB,SEA,29,6,,,
7846,Caleb Johnson,LB,,27,6,,,
8484,Ko Kieft,TE,TB,28,6,,,
10224,Brayden Willis,TE,SF,26,6,,,
10986,Jammie Robinson,DB,ATL,25,6,,,
11029,Nic Jones,DB,NYG,24,6,,,
11043,Nesta Jade Silvera,DL,,25,6,,,
11062,Ali Gaye,DL,HOU,27,6,,,
11796,Khristian Boyd,DL,NO,26,6,,,
11896,Millard Bradford,DB,,25,6,,,
11905,Dwight McGlothern,DB,MIN,24,6,,,
12282,C.J. Ravenell,DL,TEN,25,6,,,
12388,Jordan Colbert,DB,,26,6,,,
12661,Jordan Hancock,DB,BUF,22,6,,,
12676,Ty Hamilton,DL,LAR,24,6,,,
12737,Jay Toia,DL,DAL,22,6,,,
12752,Eric Gregory,DL,NE,25,6,,,
12927,Nazir Stackhouse,DL,GB,24,6,,,
2350,Eric Kendricks,LB,,34,5,,,
4163,Jalen Reeves-Maybin,LB,,31,5,,,
4661,Michael Davis,DB,,31,5,,,
7197,Kristian Welch,LB,GB,28,5,,,
7224,Sam Franklin,DB,BUF,30,5,,,
8264,Chase Lucas,DB,TB,29,5,,,
8272,Channing Tindall,LB,ATL,26,5,,,
8297,Jeremiah Moon,LB,,27,5,,,
10973,Nick Hampton,LB,CAR,26,5,,,
11121,AJ Finley,DB,SEA,24,5,,,
11273,Ben VanSumeren,LB,BUF,26,5,,,
11278,Eli Ricks,DB,,24,5,,,
11345,Chris Smith,DL,DET,26,5,,,
11381,Travis Vokolek,TE,ARI,27,5,,,
11595,Jared Wiley,TE,KC,25,5,,,
11747,Jaylan Ford,LB,NO,24,5,,,
11763,Kitan Oladapo,DB,GB,25,5,,,
11773,Keilan Robinson,RB,,26,5,,,
11804,Mekhi Wingo,DL,DET,23,5,,,
12124,Isaiah Johnson,DB,,26,5,,,
12480,Moliki Matavao,TE,NO,23,5,,,
12653,Jack Kiser,LB,JAX,25,5,,,
12733,Carson Bruener,LB,PIT,24,5,,,
12781,Karene Reid,LB,DEN,26,5,,,
13122,Carter Runyon,TE,LV,24,5,,,
1288,Lawrence Guy,DL,,34,4,,,
1535,Cordarrelle Patterson,RB,,34,4,,,
2448,Bobby McCain,DB,,31,4,,,
5379,Tre Flowers,DB,,30,4,,,
5452,J.T. Gray,DB,PHI,30,4,,,
5534,Elijah Campbell,DB,NYG,30,4,,,
5921,Kris Boyd,DB,,29,4,,,
6876,A.J. Green,DB,MIA,27,4,,,
7821,Garret Wallow,LB,SF,27,4,,,
10998,Jose Ramirez,DL,PHI,27,4,,,
11022,Kendall Williamson,DB,LAC,25,4,,,
11173,D'Shawn Jamison,DB,PIT,26,4,,,
11315,Cam Jones,LB,NYG,26,4,,,
11325,Reese Taylor,DB,DEN,26,4,,,
11689,Ennis Rakestraw,DB,DET,23,4,,,
11754,Mohamed Kamara,DL,TB,27,4,,,
11837,Jaden Davis,DB,ARI,24,4,,,
11841,Sanoussi Kane,DB,TEN,24,4,,,
12041,Carl Jones,DL,BAL,24,4,,,
12255,Swayze Bozeman,LB,CIN,27,4,,,
12637,Ruben Hyppolite,LB,CHI,24,4,,,
12656,Robbie Ouzts,RB,SEA,23,4,,,
12680,Rylie Mills,DL,SEA,24,4,,,
12785,Dom Jones,DB,CLE,25,4,,,
13151,Nick Kallerup,TE,SEA,25,4,,,
13157,Reuben Lowery,DB,IND,23,4,,,
13176,Ale Kaho,LB,WAS,26,4,,,
13209,Jordan Turner,LB,DEN,24,4,,,
1553,John Jenkins,DL,BAL,36,3,,,
2395,Carl Davis,DL,,33,3,,,
2826,Troy Hill,DB,,33,3,,,
4594,Alex Barrett,DL,,31,3,,,
5098,Siran Neal,DB,SF,31,3,,,
5830,Sam Eguavoen,LB,,32,3,,,
7329,Cole Christiansen,LB,KC,28,3,,,
7712,Robert Rochell,DB,CAR,28,3,,,
7957,Jon Rhattigan,LB,CHI,27,3,,,
8285,Josh Ross,LB,MIN,26,3,,,
8757,Rodney Williams,TE,,26,3,,,
8758,Kana'i Mauga,LB,,25,3,,,
8887,Mike Greene,DL,,26,3,,,
10975,Daniel Scott,DB,IND,27,3,,,
11552,Durell Nchami,LB,IND,26,3,,,
11831,Daijahn Anthony,DB,CIN,25,3,,,
12045,Jack Westover,TE,NE,26,3,,,
12056,Jarius Monroe,DB,NYJ,25,3,,,
12164,Curtis Jacobs,LB,,23,3,,,
12182,Miles Battle,DB,MIA,26,3,,,
12643,Kyle Kennard,DL,LAC,24,3,,,
12667,Smael Mondon,LB,PHI,23,3,,,
12677,Bradyn Swinson,DL,NE,23,3,,,
12722,Cody Lindenberg,LB,LV,24,3,,,
12732,Dominic Lovett,WR,DET,23,3,,,
12790,John Bullock,LB,TB,25,3,,,
12836,Trey Washington,DB,IND,23,3,,,
12955,Sebastian Castro,DB,PIT,25,3,,,
13155,Chandler Martin,LB,,23,3,,,
13165,Easton Mascarenas-Arnold,LB,CLE,23,3,,,
13187,Nick Jackson,LB,TB,25,3,,,
550,Jerry Hughes,DL,,36,2,,,
579,Linval Joseph,DL,,36,2,,,
1686,Tony Jefferson,DB,LAC,34,2,,,
2267,Jimmie Ward,DB,,34,2,,,
2501,Quandre Diggs,DB,,33,2,,,
3048,Chris Manhertz,TE,NYG,34,2,,,
3401,Tyler Matakevich,LB,,32,2,,,
3838,Antonio Hamilton,DB,WAS,33,2,,,
4611,Justin Hardee,DB,,31,2,,,
4718,Dare Ogunbowale,RB,,31,2,,,
5091,Parry Nickerson,DB,,31,2,,,
5445,George Odum,DB,,32,2,,,
7327,T.J. Smith,DL,,28,2,,,
7814,Cameron McGrone,LB,LV,25,2,,,
8834,Trevor Denbow,DB,,26,2,,,
11001,Jarrick Bernard-Converse,DB,NYG,26,2,,,
11151,Tanner Ingle,DB,LAR,26,2,,,
11855,Amari Gainer,LB,NE,25,2,,,
11930,Taki Taimani,DL,MIN,26,2,,,
11966,Rashad Wisdom,DB,TB,24,2,,,
12102,Andre' Sam,DB,PHI,27,2,,,
12111,Levelle Bailey,LB,DEN,25,2,,,
12345,Jaylen Mahoney,DB,,25,2,,,
12715,Thomas Fidone,TE,NYG,23,2,,,
12912,Cam'Ron Silmon-Craig,DB,JAX,23,2,,,
13130,Jackson Woodard,LB,MIA,23,2,,,
583,Brandon Graham,DL,,38,1,,,
1043,Stephon Gilmore,DB,,34,1,,,
1205,Rodney McLeod,DB,,34,1,,,
1343,Jordan Poyer,DB,,34,1,,,
1518,Darius Slay,DB,,35,1,,,
3272,Miles Killebrew,DB,TB,33,1,,,
3374,Kevon Seymour,DB,,32,1,,,
4277,Adrian Colbert,DB,,31,1,,,
10967,Chris Smith,DB,,26,1,,,
11787,Kamal Hadden,DB,GB,25,1,,,
11797,Patrick McMorris,DB,SF,24,1,,,
11916,Christopher Edmonds,DB,CLE,24,1,,,
11951,Beau Brade,DB,NYG,24,1,,,
11986,Antonio Grier,LB,,25,1,,,
12089,Julius Wood,DB,DAL,25,1,,,
12726,Kobee Minor,DB,NE,23,1,,,